source,date,rating,text,url,matched_themes,primary_theme,severity
google_play,2026-09-25 16:11:27,5,"I really love this app, it literally does everything for you in terms of skincare. I CANNOT imagine my life without this app, so please I beg that you guys keep updating it. Love",https://play.google.com/store/apps/details?id=com.skinsort&reviewId=b02399c5-2104-4314-8d84-e7fdba558696,,other,low
google_play,2026-09-25 13:48:40,5,very nice,https://play.google.com/store/apps/details?id=com.skinsort&reviewId=d63f70be-d66a-4bda-971b-311fd8565b66,,other,low
google_play,2026-09-24 02:05:02,1,"most of the app is hidden behind paywall and trial is very short (3 days). after that it wants 6$ PER WEEK. as I'm not willing to commit to a year nor to pay for the 'pne time offer' of a reduced price which is offered after 15 minutes of using the app, i don't see how can it be worth it to even try the app. even if i will want to use more than three days, it will be too expensive later edit: the routine option is pointless if you have variations or use products that are not american",https://play.google.com/store/apps/details?id=com.skinsort&reviewId=0664e961-9963-4883-921f-f45d7b763d09,paywall,paywall,high
google_play,2026-09-20 04:03:11,3,First time using the app. So far so good!,https://play.google.com/store/apps/details?id=com.skinsort&reviewId=09bfdf0b-38eb-454a-a4b6-19353160c353,,other,low
google_play,2026-09-17 18:38:25,5,it really helps when you don't have an idea of your skin type,https://play.google.com/store/apps/details?id=com.skinsort&reviewId=c3281112-74cc-483f-97d9-fe558b998629,,other,low
google_play,2026-09-17 09:55:20,5,Life changing for an acne prone person! It has helped me figure out the ingredients that do not play nicely with my skin. Thank you!,https://play.google.com/store/apps/details?id=com.skinsort&reviewId=4bb6152f-1fb8-4819-852c-b58ecb8717b0,,other,low
google_play,2026-09-15 15:32:08,1,"I downloaded this app because I saw it online. I wanted to test it so I went for the one week option which was ₱69. Then I never opened the app after using it 2-3 times. After deleting the app, I saw that it charged ₱999 pesos to my Gcash?? I request for a refunded and it got rejected. I regret downloading this app in the first place, fix your system.",https://play.google.com/store/apps/details?id=com.skinsort&reviewId=253eb3a4-962c-4e36-a3d3-cf624b420a94,paywall,paywall,high
google_play,2026-09-12 13:32:46,2,Doesn't offer anything special until you pay. Everything I was looking for and found in other apps are behind the paywall.,https://play.google.com/store/apps/details?id=com.skinsort&reviewId=8cd149bc-3387-4c6a-8916-b56f3525b49b,paywall,paywall,high
google_play,2026-09-12 02:04:23,4,wonderful,https://play.google.com/store/apps/details?id=com.skinsort&reviewId=7c28ce92-3dfe-4908-b998-2cb3ac834268,,other,low
google_play,2026-09-08 04:10:14,5,good,https://play.google.com/store/apps/details?id=com.skinsort&reviewId=864232f5-c33d-4157-a998-069d858d0a41,,other,low
google_play,2026-09-05 17:21:44,5,AMAZING,https://play.google.com/store/apps/details?id=com.skinsort&reviewId=e16ecac3-5efa-4ca9-9361-e7aef7d050c3,,other,low
google_play,2026-09-05 01:41:22,5,This app takes the guess work out of a million products on the shelf!,https://play.google.com/store/apps/details?id=com.skinsort&reviewId=390e74ee-3ba2-4774-835e-db9353a4cf74,,other,low
google_play,2026-09-01 18:13:49,1,i downloaded the app just so i could leave a review because why can i not just use your website without being forced to install the app after one swipe? gfys,https://play.google.com/store/apps/details?id=com.skinsort&reviewId=e7946a49-a48c-4cda-9011-ffc16336d5ec,,other,medium
google_play,2026-09-01 07:41:07,1,"Suddenly, there was a deduction from my GCash account labeled ""Skin Sort,"" but I never subscribed to the Skin Sort app; when I checked the app, it showed I didn't have a premium subscription. Can you still refund my money",https://play.google.com/store/apps/details?id=com.skinsort&reviewId=812ef978-be20-4c6c-82f1-ca146b026751,paywall,paywall,high
google_play,2026-08-31 19:55:17,5,it's excellent,https://play.google.com/store/apps/details?id=com.skinsort&reviewId=9654bae4-99eb-4542-88cd-e5861f280c4d,,other,low
google_play,2026-08-29 19:33:33,1,"Impossibile to unsubscribe. I looked everywhere, on the website on the app, nowhere can we unsubscribe. Please tell me where to unsubscribe.",https://play.google.com/store/apps/details?id=com.skinsort&reviewId=61a40d9a-1711-4d09-923b-38e11f6263a3,paywall,paywall,high
google_play,2026-08-29 13:57:42,1,thought the app was free,https://play.google.com/store/apps/details?id=com.skinsort&reviewId=b1cafb48-e5b7-415d-932c-de9b64a9e3d9,,other,medium
google_play,2026-08-25 13:12:53,5,nice,https://play.google.com/store/apps/details?id=com.skinsort&reviewId=b1c64f18-c108-4af1-923e-a3cad50fb227,,other,low
google_play,2026-08-24 23:26:36,5,it was hard to eliminate things on that list. I had no idea what they were.,https://play.google.com/store/apps/details?id=com.skinsort&reviewId=b793e1c3-125e-46f6-8878-51ba58a574a4,,other,low
google_play,2026-08-24 13:23:09,3,no answers on what to use,https://play.google.com/store/apps/details?id=com.skinsort&reviewId=57f0d4f3-7cea-409b-ac31-72affe30b054,,other,low
google_play,2026-08-22 08:36:23,5,It's great for my experience to share,https://play.google.com/store/apps/details?id=com.skinsort&reviewId=e988e946-85f4-49fd-9738-08861974b4c4,,other,low
google_play,2026-08-20 12:38:46,4,"I like the app so far. I just discovered it today, so once I'm able to actually get familiar with it, I will update.",https://play.google.com/store/apps/details?id=com.skinsort&reviewId=2af8b2f5-f4d8-498a-8dc5-71ce804c0eea,,other,low
google_play,2026-08-17 13:59:43,5,I can't believe it's free,https://play.google.com/store/apps/details?id=com.skinsort&reviewId=0ba5459b-a40e-4c66-9db9-1a0989769b19,,other,low
google_play,2026-08-17 03:25:24,1,just no.. semuanya berbayar padahal dulunya masih gratis. terus bug gajelas pas mau login keluar keluar terus,https://play.google.com/store/apps/details?id=com.skinsort&reviewId=a53aa5c5-f4dd-4c1c-b700-f9f7d678ac29,bugs,bugs,medium
google_play,2026-08-14 10:10:17,5,it's so good and helped me a lot,https://play.google.com/store/apps/details?id=com.skinsort&reviewId=67c17e4a-6273-42a1-87d9-bd23f5acd2d0,,other,low
google_play,2026-08-13 20:23:53,5,been using this for a long time very great,https://play.google.com/store/apps/details?id=com.skinsort&reviewId=ffa61b84-07e0-4cd2-a509-9bfdf932f747,,other,low
google_play,2026-08-13 07:33:38,5,good apps,https://play.google.com/store/apps/details?id=com.skinsort&reviewId=4adf220d-5dab-48ac-b4db-fa35a399ede0,,other,low
google_play,2026-08-08 23:58:19,5,nobody does it like skinsort. the absolute goat,https://play.google.com/store/apps/details?id=com.skinsort&reviewId=04e02eee-72ad-4f76-b118-5895fa5b52fe,,other,low
google_play,2026-08-08 07:10:18,3,"I want to love this app, but theres no option for me to select my personal skin type: dehydrated. which is neither dry nor oily nor combo. its skin that has trouble retaining moisture so it feels dry and my pores get big. it can feel oily sometimes but also very dry other times. i just selected combination instead",https://play.google.com/store/apps/details?id=com.skinsort&reviewId=3e3c1ac0-8c9f-407c-ba46-fceca3d5acfb,,other,low
google_play,2026-08-07 01:51:19,4,"The app looks really nice and I love the simple layout, but I just submitted a product and immediately found a better photo with no background. I wanted to edit the submittion before it's approved, but it seems it's not possible. Could that be added, please? 💗 I'm also missing usage instructions when checking new products out. 😌✨ Love it otherwise! Oh and one product I found is vegan on the website, but shows as non-vegan on the app. Please add option to update product information, thank you!",https://play.google.com/store/apps/details?id=com.skinsort&reviewId=e57c82c1-af08-4e1f-a349-83061a0f18a9,,other,low
google_play,2026-08-06 05:13:13,4,good,https://play.google.com/store/apps/details?id=com.skinsort&reviewId=ca5dadb9-e910-42d3-9fd2-212f9f8941f1,,other,low
google_play,2026-08-03 19:56:16,1,"everytime I close the app and reopen it I have to go thought the setup page, again and again. lately, all the scores from the products have changes and are now lower and idk what to trust anymore, everything seems to be a red flag. What was acne-friendly, totally perfect 100 score is now an 80 and have lots of warnings and red flags. I play for this app wayyy to much just for this ugly experience",https://play.google.com/store/apps/details?id=com.skinsort&reviewId=64422898-2a40-4130-8302-594ec3dd80e9,,other,medium
google_play,2026-08-03 07:37:33,5,Skinsort works great for a quick overview of ingredients and use of products for certain skin types. I had an issue with the search function within the app but it was addressed and fixed within 24h - it works perfectly now and I'm very happy with the app ❤️,https://play.google.com/store/apps/details?id=com.skinsort&reviewId=2f187fe0-30fe-4df5-98f3-e8f65524a99a,,other,low
google_play,2026-08-01 15:45:06,5,love this app so far!,https://play.google.com/store/apps/details?id=com.skinsort&reviewId=4dcfcb44-b6fc-4cf4-8ccf-bed784a16e10,,other,low
google_play,2026-08-01 03:13:51,2,really useful. but recently every time I searched for a brand it would start lagging and won't show,https://play.google.com/store/apps/details?id=com.skinsort&reviewId=474e5f1a-b471-41dc-9699-0608205b2e1d,,other,medium
google_play,2026-07-30 09:24:13,5,Useful.,https://play.google.com/store/apps/details?id=com.skinsort&reviewId=ad8edbe9-02b8-43fb-81c6-49fd68b68226,,other,low
google_play,2026-07-29 04:55:51,1,bakwas app 😡😡😡😡😡😡🥺,https://play.google.com/store/apps/details?id=com.skinsort&reviewId=424147c3-e439-44f6-9710-fd9f19ee0afe,,other,medium
google_play,2026-07-27 06:16:34,1,stop pestering me to download the app. why have a website at that point?,https://play.google.com/store/apps/details?id=com.skinsort&reviewId=25dd17df-6ec5-45eb-95d5-82672fe3a04c,,other,medium
google_play,2026-07-25 10:07:55,3,it's really great for u to know your skin with unlimited data,https://play.google.com/store/apps/details?id=com.skinsort&reviewId=c9011116-e425-44d9-bd0c-29406cb0e77e,,other,low
google_play,2026-07-24 16:29:20,5,very nice add,https://play.google.com/store/apps/details?id=com.skinsort&reviewId=e9cd4856-ff06-4e8e-9bbf-50d8993fd338,,other,low
google_play,2026-07-23 10:20:26,5,its good,https://play.google.com/store/apps/details?id=com.skinsort&reviewId=b43a8f55-517e-4853-b665-4d87c97f990a,,other,low
google_play,2026-07-21 18:47:22,5,good app,https://play.google.com/store/apps/details?id=com.skinsort&reviewId=c263cf93-6dc2-46a9-bd96-b2bd88ff9712,,other,low
google_play,2026-07-21 13:42:27,5,so helpful,https://play.google.com/store/apps/details?id=com.skinsort&reviewId=63fc6ff3-d3b6-4c71-b034-49dff00731b7,,other,low
google_play,2026-07-21 06:45:48,5,i love skin care,https://play.google.com/store/apps/details?id=com.skinsort&reviewId=96498cef-c831-4eb6-9c86-3c0d1a8c2479,,other,low
google_play,2026-07-20 23:28:10,5,Helped me understand my existing choices and how they match with my concerns.,https://play.google.com/store/apps/details?id=com.skinsort&reviewId=fff5ad8d-8fe7-4b6b-87c7-5e1f547d1836,,other,low
google_play,2026-07-18 11:15:07,5,glad to have found this app,https://play.google.com/store/apps/details?id=com.skinsort&reviewId=b3750ea6-ddbb-4dbe-8c95-367882a17e3a,,other,low
google_play,2026-07-17 00:05:48,5,love this . helps me know which skin care products are good for my skin,https://play.google.com/store/apps/details?id=com.skinsort&reviewId=d6023c7a-55ae-47df-9e5f-a45de394acee,,other,low
google_play,2026-07-16 20:57:45,4,"good app , if only it is free",https://play.google.com/store/apps/details?id=com.skinsort&reviewId=771279ed-8f9a-4f68-8c3d-81d1bac2930a,,other,low
google_play,2026-07-15 14:09:12,3,"decent app, however you search a brand name and nothing appears other than about the brand. very hit'n'miss and lacking consistency in terms of administration and search experience.",https://play.google.com/store/apps/details?id=com.skinsort&reviewId=130b14f7-050e-492c-85b7-a6628ffe2770,,other,low
google_play,2026-07-14 07:39:48,1,I cancelled my account with you within 24 hours of making it. Why have I still been charged for a yearly subscription? the free period wasn't even used.,https://play.google.com/store/apps/details?id=com.skinsort&reviewId=293023a3-0534-4a97-a677-31423a3eef6b,paywall,paywall,high
google_play,2026-07-13 05:33:55,5,nice,https://play.google.com/store/apps/details?id=com.skinsort&reviewId=4bd67c06-ab2b-4617-8d65-869e316e404e,,other,low
google_play,2026-07-12 18:53:17,5,Amazing,https://play.google.com/store/apps/details?id=com.skinsort&reviewId=c0ccd970-9203-4ce9-a4a8-0c88634dbe90,,other,low
google_play,2026-07-12 12:56:37,5,7 days of free trials，worth a try you can get a lil bit of results before you sign in and subcribe.,https://play.google.com/store/apps/details?id=com.skinsort&reviewId=ff049d2a-3b7e-4cec-8c32-2c3d47be6d11,paywall,paywall,medium
google_play,2026-07-12 01:45:57,5,"i appreciate the people who made this, it's a very helpful app for someone like me",https://play.google.com/store/apps/details?id=com.skinsort&reviewId=b9d34d2d-702d-4c0f-bc6e-23a56757cf9f,,other,low
google_play,2026-07-11 19:20:16,3,doesn't apply for first time users of skincare,https://play.google.com/store/apps/details?id=com.skinsort&reviewId=89249e13-25f6-4e69-a90a-e4382fbaf785,,other,low
google_play,2026-07-11 16:57:01,1,wants my credit card info!!!! its not free,https://play.google.com/store/apps/details?id=com.skinsort&reviewId=b59fde55-3d58-4410-adcd-16f1743cef86,,other,medium
google_play,2026-07-11 15:49:48,5,love it,https://play.google.com/store/apps/details?id=com.skinsort&reviewId=d6f251a8-59f9-4287-9d8e-e0eaa232af1a,,other,low
google_play,2026-07-10 09:34:02,5,quick to give information,https://play.google.com/store/apps/details?id=com.skinsort&reviewId=4ec432e2-9f55-4e0d-ae82-13af202068c8,,other,low
google_play,2026-07-10 04:39:13,5,Good,https://play.google.com/store/apps/details?id=com.skinsort&reviewId=9fbda8a6-ec18-407a-8d87-57cc05f1d42e,,other,low
google_play,2026-07-10 02:54:57,5,"What a fantastic way to stop playing the hit and miss game with you skincare. Check what you own, get better choices and make lists of ingredients to look for and what to avoid all based on your specific profile. If you wonder which of your skin care collection is breaking you out or irritating your skin, Skinsort will find it for you and make recommendations on what to replace it with. Within 2 days of my seven day trial I knew I would formally subscribe.",https://play.google.com/store/apps/details?id=com.skinsort&reviewId=dd9f388f-efb6-4327-a6ed-775272f8d4b6,,other,low
google_play,2026-07-09 20:02:44,3,"I find this app useful in finding more suitable skincare products however many of the products added aren't available in the UK, prices often aren't shown and SkinSort are very biased against certain ingredients despite their ingredient descriptions suggesting otherwise. Such as SLS, petrolatum, paraffin etc which are perfectly safe and effective for many people but are misunderstood and feared. Even if you ""like"" these ingredients SkinSort still tries to hide products that contain them.",https://play.google.com/store/apps/details?id=com.skinsort&reviewId=9287d8a3-7e2c-4d2f-a129-bd4f0ad7645d,,other,low
google_play,2026-07-09 07:54:40,5,lovedee it 😭😭😭😭 my goddd.,https://play.google.com/store/apps/details?id=com.skinsort&reviewId=57f7c27e-addc-430d-bc47-a1b60167d4c3,,other,low
google_play,2026-07-09 00:23:59,5,the best,https://play.google.com/store/apps/details?id=com.skinsort&reviewId=c6d1a149-601d-47b9-9a91-80df67e8d7d0,,other,low
google_play,2026-07-05 15:54:31,5,this app knows well 😀,https://play.google.com/store/apps/details?id=com.skinsort&reviewId=b37db369-05ee-46e4-bdf7-cc319b5f05b3,,other,low
google_play,2026-07-04 14:48:53,4,"very good at sorting and logging and finding good ones for you, just wish there was a face scanning option to find you're shade 👍",https://play.google.com/store/apps/details?id=com.skinsort&reviewId=11ab98e9-b358-4fc4-85ac-a3e53dcb6c82,,other,low
google_play,2026-07-03 00:55:36,5,"The features work really well in my experience. I really liked the ingredients analyzer, it has useful info about each ingredient and it tells you how the product can help or how can it be bad for your specific skin type and goals/main concerns. The costumer experience is also really good, I had a issue (entirely my fault) and they promptly responded and solved it!",https://play.google.com/store/apps/details?id=com.skinsort&reviewId=b69e10fc-fa95-4574-85ac-dbb938850c56,,other,low
google_play,2026-07-02 08:34:37,5,"excellent, must have!",https://play.google.com/store/apps/details?id=com.skinsort&reviewId=001ddfe4-6b5a-489f-b3f1-139fd5ce02ca,,other,low
google_play,2026-07-02 01:36:59,5,love it,https://play.google.com/store/apps/details?id=com.skinsort&reviewId=9abc8398-25a7-4fa7-9827-53a6d1cab680,,other,low
google_play,2026-06-30 01:15:16,3,Philippines products are not on the list to add as part of my routine,https://play.google.com/store/apps/details?id=com.skinsort&reviewId=efd0b079-4d9c-4e10-ae51-c65cad5dadab,,other,low
google_play,2026-06-29 13:51:00,5,"very nice!!,i can see how skincare works",https://play.google.com/store/apps/details?id=com.skinsort&reviewId=f85bfaf2-5569-413a-8867-1febb00b5182,,other,low
google_play,2026-06-28 13:47:12,5,"I love it, baby.",https://play.google.com/store/apps/details?id=com.skinsort&reviewId=a29f88ad-f4c4-43d3-a136-a56f926bbb01,,other,low
google_play,2026-06-28 01:17:21,4,love this app,https://play.google.com/store/apps/details?id=com.skinsort&reviewId=51664191-22a0-4562-8740-14e1b7044645,,other,low
google_play,2026-06-27 15:44:54,1,"I have cancelled my 7 day trial today, 27.06.2026 which started on 22.06.2026. I have already removed the subscription from my google account but still this app is trying to charge my card. This is EXTREMELY unprofessional and I am still on my 7 day trial. Please take necessary action from your end.",https://play.google.com/store/apps/details?id=com.skinsort&reviewId=7049ffad-0bf4-4d03-950d-c1403c71afc4,paywall,paywall,high
google_play,2026-06-27 14:43:27,5,very helpful tool for finding products that work for me. interested to see what the add next. developers actively seem to be taking and improving based on feedback,https://play.google.com/store/apps/details?id=com.skinsort&reviewId=14257ef7-0c10-4712-9526-f3688908595d,,other,low
google_play,2026-06-27 05:23:18,2,ok,https://play.google.com/store/apps/details?id=com.skinsort&reviewId=119b1ce1-4dd7-444f-9470-9c7ff56ffcf7,,other,medium
google_play,2026-06-24 11:26:28,4,Happy to finally have the app on android. I've been using the online site since 2024 just found out it's available today,https://play.google.com/store/apps/details?id=com.skinsort&reviewId=1d5dc833-888a-4b64-a67d-ec86ea86bc28,,other,low
google_play,2026-06-24 10:25:07,5,helpful,https://play.google.com/store/apps/details?id=com.skinsort&reviewId=52a5e827-ec56-48f6-bda4-79865f8b8537,,other,low
google_play,2026-06-23 05:46:18,5,good,https://play.google.com/store/apps/details?id=com.skinsort&reviewId=84a0a3eb-a519-4b74-992e-91c8d396bd76,,other,low
google_play,2026-06-22 10:07:11,5,help me fine the suitable skincare for my skin type,https://play.google.com/store/apps/details?id=com.skinsort&reviewId=ccac2474-87c4-4b28-b850-36bb49105f72,,other,low
google_play,2026-06-19 09:30:05,5,GREAT HOPEFULLY NO PAYMENT,https://play.google.com/store/apps/details?id=com.skinsort&reviewId=c75d4124-f218-4ffa-b533-bc0b48660e4e,,other,low
google_play,2026-06-19 08:42:25,5,great apps,https://play.google.com/store/apps/details?id=com.skinsort&reviewId=042c99b4-e316-4a3c-8c37-d633e22e40b0,,other,low
google_play,2026-06-18 13:27:19,5,subscribed to their email the. decided to download the app. it helps me analyze and think of it before i buy a product. like is it for me or it's just hyped up.,https://play.google.com/store/apps/details?id=com.skinsort&reviewId=6e75a368-2ad7-4e2f-b3ab-03bbd4473a17,,other,low
google_play,2026-06-16 21:51:40,5,so amazing 😍🤩,https://play.google.com/store/apps/details?id=com.skinsort&reviewId=6948c859-d8e8-411e-a942-b0b1a9558397,,other,low
google_play,2026-06-15 19:17:21,5,This app is better!,https://play.google.com/store/apps/details?id=com.skinsort&reviewId=642310bd-0044-4e06-8b8f-21a2b1242d8d,,other,low
google_play,2026-06-14 13:01:07,5,"fabulous. super helpful, especially if you have a specific skin condition",https://play.google.com/store/apps/details?id=com.skinsort&reviewId=ca5320e3-5cbc-4192-8b3e-10cb83c4ce0e,,other,low
google_play,2026-06-14 05:11:44,1,cannot even login. i choose gmail and nothing happened. when i click sign in with facebook it doesn't work too. already updated but its bad,https://play.google.com/store/apps/details?id=com.skinsort&reviewId=9fd939aa-35ab-4b64-b76a-9e1b8feffcb3,bugs,bugs,medium
google_play,2026-06-12 09:58:01,4,itss soo good trust me,https://play.google.com/store/apps/details?id=com.skinsort&reviewId=599acf7f-9c14-4a3b-a2b6-e2f3b775cc73,,other,low
google_play,2026-06-09 20:27:32,1,Would give zero stars if I could. This app rather than outlining a free trial from the get go AUTOMATICALLY signs you up for a 7 day trial stating that they will charge you thereafter. It tells you AFTER you have already signed up. This should be illegal. These conditions should be outlined PRIOR to sign up otherwise how can this company claim that the customer has had the prior information to agree to be AUTOMATICALLY CHARGED after a 7 day trial that you didn't agree to.,https://play.google.com/store/apps/details?id=com.skinsort&reviewId=e80dc127-b5aa-4bd7-b7a4-8648a5ff731e,paywall,paywall,high
google_play,2026-06-07 09:46:09,5,it's very helpful,https://play.google.com/store/apps/details?id=com.skinsort&reviewId=41cbbb70-1e1b-4b0b-85f7-f39e06889c7b,,other,low
google_play,2026-06-06 08:27:37,4,good,https://play.google.com/store/apps/details?id=com.skinsort&reviewId=28d06530-6263-42ca-9eee-bdddf39ea012,,other,low
google_play,2026-06-03 19:31:00,5,very amazing!! it helps me to know which product is good or bad! Now I can find easily good products without fake reviews! There are many people with different skin types so searching on TikTok or asking AI it's hard because they usually just show what product helped them or just fake information because everyone's skin is different. I love this app!!,https://play.google.com/store/apps/details?id=com.skinsort&reviewId=00213e5a-6895-4027-8dbd-b2b03d32a3e7,,other,low
google_play,2026-06-02 17:41:47,1,stupid! puts a pay wall past things you can access for free on the website,https://play.google.com/store/apps/details?id=com.skinsort&reviewId=20f18046-a14e-4f74-b125-2ca90992cc11,paywall,paywall,high
google_play,2026-06-01 13:12:30,5,Great for building a routine that works,https://play.google.com/store/apps/details?id=com.skinsort&reviewId=38678392-7482-4a57-8042-a0a692383125,,other,low
google_play,2026-06-01 05:50:43,5,Cystomer team the best! I really find this app helpful!,https://play.google.com/store/apps/details?id=com.skinsort&reviewId=bfb5f653-9df7-4a86-85b6-e6a901c4e69d,,other,low
google_play,2026-05-31 05:14:39,5,❤️❤️❤️,https://play.google.com/store/apps/details?id=com.skinsort&reviewId=415ce3fc-1ab4-43b5-8bc4-7b45cf46c3ca,,other,low
google_play,2026-05-30 08:48:59,5,great,https://play.google.com/store/apps/details?id=com.skinsort&reviewId=b97ead4c-f8e8-4e90-a954-1db6dc95c7a8,,other,low
google_play,2026-05-30 05:09:35,1,This app is irritating. Its been 10mins and i still cant find how to delete a product in my routine. Fix this.,https://play.google.com/store/apps/details?id=com.skinsort&reviewId=4849c3b1-c276-40c3-8820-7f8381ebfaec,,other,medium
google_play,2026-05-28 18:58:50,5,love the community and indepth ingredient analysis in this app,https://play.google.com/store/apps/details?id=com.skinsort&reviewId=11122eae-1e73-40ef-afaf-79b14fa10563,,other,low
google_play,2026-05-28 10:59:20,5,i love how the app is so considerate,https://play.google.com/store/apps/details?id=com.skinsort&reviewId=8a7c8072-1329-484b-8cc3-8fdf300c685b,,other,low
google_play,2026-05-27 12:42:56,5,"it's very helpful, but I hope it could be limitless available specially for those who doesn't afford to buy.. they can use ads tho, but just my opinion for this app to reach high peak.",https://play.google.com/store/apps/details?id=com.skinsort&reviewId=62055e2b-24b3-4290-96de-482be8d2feb5,,other,low
google_play,2026-05-26 22:08:08,5,This app has been good in terms of analysing a product detail.,https://play.google.com/store/apps/details?id=com.skinsort&reviewId=c86f523c-90e3-4570-9f3e-a8b6ab751787,,other,low
google_play,2026-05-26 07:30:41,4,i love this honest app,https://play.google.com/store/apps/details?id=com.skinsort&reviewId=370fa2e4-f932-439a-aa91-2d9090f543b1,,other,low
google_play,2026-05-23 07:10:28,5,"this app has quite literally changed my life. before I got this app, I was struggling with all kinds of skin/face related problems. I was miserable & jus guessing at the right stuff to use. I had never even tried serums before this app kept matching me with a bunch of em & I decided wth- I've tried 2 so far & absolutely love them both! this tells me what to use & it gets it right! the ingredients list for each product is super helpful! only wish I could afford the paid version! 10000/10 ⭐",https://play.google.com/store/apps/details?id=com.skinsort&reviewId=7e590543-22b9-4414-9f71-d0c7063d6411,,other,low
google_play,2026-05-22 09:10:38,5,good,https://play.google.com/store/apps/details?id=com.skinsort&reviewId=184af82e-2850-4317-b2b2-be56f0fc7fd9,,other,low
google_play,2026-05-19 11:26:45,5,the best app for my skin,https://play.google.com/store/apps/details?id=com.skinsort&reviewId=6fc8289c-f630-40c9-abb3-6f439fb194b7,,other,low
google_play,2026-05-17 14:31:26,5,its a good app for those with face breakouts and have trouble with finding products that help them,https://play.google.com/store/apps/details?id=com.skinsort&reviewId=ef55cf4e-9ede-4b29-94e0-e568a8f45683,,other,low
google_play,2026-05-16 07:50:38,5,"I saw this app on tiktok and I can't believe that this app genuinely made my skin better, I'm battling acne for 3 yrs and It shows the product that are suitable for your skin, I found out that the current one im using are making me break out so I switched to fungal acne safe products and my skin has never been this better.",https://play.google.com/store/apps/details?id=com.skinsort&reviewId=d9bb705e-0097-43bf-9c27-130efeb21f0d,,other,low
google_play,2026-05-14 16:31:54,5,😄😄,https://play.google.com/store/apps/details?id=com.skinsort&reviewId=81b00c26-5003-4519-a703-30da7b9ac950,,other,low
google_play,2026-05-13 13:49:46,1,"this app does not even load up, basically useless",https://play.google.com/store/apps/details?id=com.skinsort&reviewId=8c3df5e2-349c-4b2d-bb34-2cac618fb398,,other,medium
google_play,2026-05-12 20:34:23,4,Started with the app recently and so far I'm really impressed! It's personalised and tailered for your skin and has a really wide range of products. Overall its been super helpful with selecting products for my sensitive skin 🤗,https://play.google.com/store/apps/details?id=com.skinsort&reviewId=cf378082-6e33-4f5b-8e83-2d3a06e55691,,other,low
google_play,2026-05-11 23:05:54,5,lovelove,https://play.google.com/store/apps/details?id=com.skinsort&reviewId=58209ee9-ef8a-4000-9962-68c0ec57ae9c,,other,low
google_play,2026-05-10 15:53:49,5,"helps a lot when seaching for suitable skincare for you, but i do hope they add more products from the Philippines and Thailand",https://play.google.com/store/apps/details?id=com.skinsort&reviewId=22c29dfa-b4ad-4fe5-b914-2c80de2f9c7f,,other,low
google_play,2026-05-06 08:55:00,5,Love the app just wish there was a way to edit past diary entries x EDIT: there absolutely is a way and I can't reccomend the app enough.,https://play.google.com/store/apps/details?id=com.skinsort&reviewId=4145681e-95fc-4032-bbca-07d12b83f72d,,other,low
google_play,2026-05-04 13:15:25,5,"Just finished the survey, once my skincare product arrived I would definitely try it, I can't wait!!!",https://play.google.com/store/apps/details?id=com.skinsort&reviewId=11dca8cb-e8a8-44d1-9a48-4215079284ca,,other,low
google_play,2026-05-04 06:44:15,5,amazing,https://play.google.com/store/apps/details?id=com.skinsort&reviewId=c3538619-7100-4f8c-a885-8fcbf545f38c,,other,low
google_play,2026-05-03 20:07:03,3,"Really love this app. It takes the hassle out of reviewing each ingredient in my skincare products on google. My only complaint about this app is that it doesn't offer monthly subscriptions only yearly. With every feature this app has to offer, I don't mind paying a subscription but come on, it's not like I'm gonna need to use this app everyday for a whole year. It would be redundant and wasteful to pay for a yearly subscription.",https://play.google.com/store/apps/details?id=com.skinsort&reviewId=4d3b11b9-28d0-471a-9b67-bcd6816300b5,paywall,paywall,medium
google_play,2026-05-03 08:40:18,1,"Please fix the google sign in option please.. Whenever i try to sign in account using google it won't redirect... Hopefully you'll fix this I'm so excited you finally launch an app version but sadly couldn't use it, I'm still using skinsort through browser..",https://play.google.com/store/apps/details?id=com.skinsort&reviewId=0210bf0f-4436-484e-9654-b73f27aefad4,bugs,bugs,medium
google_play,2026-04-21 11:55:45,5,"Brilliant skincare app, love the Skinsort community ❤️, Skinsort creators should be proud and they are always there to help with any queries. Recommendations have really helped from the Skinsort community, and I love that you can put your own filters in to take out or put in ingredients that you don't want and what you like, well worth the little payment once a year, I've recommended this to all my friends and family 😊",https://play.google.com/store/apps/details?id=com.skinsort&reviewId=d28ceea0-06f7-4907-af5f-5a8b8f212015,,other,low
google_play,2026-04-20 21:31:12,5,This app is a girl's best friend 🧡,https://play.google.com/store/apps/details?id=com.skinsort&reviewId=c9b748af-2a33-4f1b-a2ec-c5d25d5443d3,,other,low
google_play,2026-04-20 04:29:20,4,Easy to find the right routine for your skin,https://play.google.com/store/apps/details?id=com.skinsort&reviewId=4fdb8e6e-8f49-4bbb-aee7-6bd5911ad7ce,,other,low
google_play,2026-04-19 14:56:44,5,answers all my product questions.. very informative,https://play.google.com/store/apps/details?id=com.skinsort&reviewId=c36b852f-91ab-461a-9ddd-405a686901e0,,other,low
google_play,2026-04-19 13:18:04,5,so far I love it,https://play.google.com/store/apps/details?id=com.skinsort&reviewId=02c8aed1-5f2b-4f56-8d53-4b2845e86087,,other,low
google_play,2026-04-17 14:00:12,5,excellent app,https://play.google.com/store/apps/details?id=com.skinsort&reviewId=c0004f37-74cb-44b4-bec9-d367b51ccbd7,,other,low
google_play,2026-04-15 06:53:53,5,nice app,https://play.google.com/store/apps/details?id=com.skinsort&reviewId=74d19b1d-97b2-4db1-90a8-513817566101,,other,low
google_play,2026-04-13 00:53:39,5,OMG. Life saver!,https://play.google.com/store/apps/details?id=com.skinsort&reviewId=eefd9000-e3f1-4b13-a973-907b3a228b9a,,other,low
google_play,2026-04-12 10:27:33,5,its very helpful,https://play.google.com/store/apps/details?id=com.skinsort&reviewId=00e69621-1321-4468-9772-0b3b2193f9a5,,other,low
google_play,2026-04-12 09:34:57,5,helped my build my routine,https://play.google.com/store/apps/details?id=com.skinsort&reviewId=6c81dcd9-b6dd-44e0-b8c8-cb56eeb97f14,,other,low
google_play,2026-04-11 12:57:48,4,Amazing! Very educating. But it would be nice if you could pick the current day in your routine to see the products you set for the specific day only.,https://play.google.com/store/apps/details?id=com.skinsort&reviewId=97f978a2-f055-4420-9f80-c6864141db19,,other,low
google_play,2026-04-10 18:06:14,1,please offer a per month subscription then I will gladly rate 5 stars,https://play.google.com/store/apps/details?id=com.skinsort&reviewId=caab4322-aee2-4b75-996f-c2f087e5df78,paywall,paywall,high
google_play,2026-04-10 10:10:48,5,this app helps me to choose what's right for my face,https://play.google.com/store/apps/details?id=com.skinsort&reviewId=0a2b8a88-b398-42cf-b2f0-64cf60ed81c2,,other,low
google_play,2026-04-09 19:21:10,3,I can not edit routine like what I use at morning and opposite.,https://play.google.com/store/apps/details?id=com.skinsort&reviewId=bb7b9454-2f4e-4911-ba61-1e6d9f564fcc,,other,low
google_play,2026-04-08 05:23:06,4,It is useful.Thank you all teams.I like it.,https://play.google.com/store/apps/details?id=com.skinsort&reviewId=0d7e743a-0063-4c1f-b729-378f4b6fbe1c,,other,low
google_play,2026-04-07 15:06:18,5,it's pretty,https://play.google.com/store/apps/details?id=com.skinsort&reviewId=c8f9f03b-586d-4444-bed2-76dcbc4713e9,,other,low
google_play,2026-04-07 09:13:38,2,NICE APP GUYSSSS !! TRY THIS OUT 💗✨,https://play.google.com/store/apps/details?id=com.skinsort&reviewId=8a5cec27-67a9-418c-ac73-7fb5c3c422c3,,other,medium
google_play,2026-04-05 13:04:52,5,i hope this helps me to clear my acnee,https://play.google.com/store/apps/details?id=com.skinsort&reviewId=72e06875-0077-436a-b749-5b47efd0593e,,other,low
google_play,2026-04-05 04:10:55,5,"So much help! I have ridiculously reactive and sensitive skin, and SkinSort has taken so much of the hassle out of looking for products- and the ability to take a picture of a product or ingredients is invaluable. I love this app. I don't even use all of its functionality, but I'm still willing to pay for it.",https://play.google.com/store/apps/details?id=com.skinsort&reviewId=7a95e12c-0c7f-46e2-a8d7-5d530204f70b,,other,low
google_play,2026-04-04 07:16:01,5,Accurate!,https://play.google.com/store/apps/details?id=com.skinsort&reviewId=f00203cf-4462-4dcc-88f6-803c666ea70a,,other,low
google_play,2026-03-30 19:05:59,5,Good UI/UX and very helpful,https://play.google.com/store/apps/details?id=com.skinsort&reviewId=39cebc5f-105b-4833-8b2c-42edb69dc44d,,other,low
google_play,2026-03-30 05:50:23,4,It's very good,https://play.google.com/store/apps/details?id=com.skinsort&reviewId=f71cf71f-2084-4b67-864b-103e06a582f8,,other,low
google_play,2026-03-29 13:30:27,5,great,https://play.google.com/store/apps/details?id=com.skinsort&reviewId=09db3da1-e5bf-47a8-af31-a9f855b2216d,,other,low
google_play,2026-03-29 06:43:58,5,finally!!!! super excited to finally have this on an android. Love this app sm.,https://play.google.com/store/apps/details?id=com.skinsort&reviewId=7f5aae82-88f1-494a-b554-dda9801f8e3d,,other,low
google_play,2026-03-24 09:00:33,4,"so far good, i didn't expect there are lots of local (Malaysia) brand here",https://play.google.com/store/apps/details?id=com.skinsort&reviewId=e3999347-65cc-4896-99f7-806b12b4ba64,,other,low
google_play,2026-03-19 04:42:25,1,"The app won't let me cancel the suscription and the emails didn't get responded. It's a shame that is not user friendly, it awful",https://play.google.com/store/apps/details?id=com.skinsort&reviewId=47dece05-bf68-4c23-8654-000715cc9415,,other,medium
google_play,2026-03-19 00:16:24,5,amazing,https://play.google.com/store/apps/details?id=com.skinsort&reviewId=2900a2c7-9bb4-4540-8efb-9e9d28cade52,,other,low
google_play,2026-03-16 14:14:49,5,good,https://play.google.com/store/apps/details?id=com.skinsort&reviewId=37d470d2-eb18-46e5-8193-b7d2e0a61b69,,other,low
google_play,2026-03-14 21:08:23,5,Fixed my skincare routine by telling me where I was drying out my skin.,https://play.google.com/store/apps/details?id=com.skinsort&reviewId=be6a5934-1715-4321-a006-787749d289f8,,other,low
google_play,2026-03-14 09:49:54,5,I really like this app. Learned about this a few years ago and it completely helped me pick my current skincare routine. I also checked the products I used to use and now understand why I was breaking out from them. I recommend SkinSort if you want to build a good skincare routine.,https://play.google.com/store/apps/details?id=com.skinsort&reviewId=edb61ae3-cdc5-4be2-8234-fd00beaf349e,,other,low
google_play,2026-03-14 01:35:38,4,"maybe im missing it, but its not easy to find better, more suited, products for you where your current product is not an ideal match. if there was a trigger, like less than 80% match triggers a recommendation for a more suited product that would be great",https://play.google.com/store/apps/details?id=com.skinsort&reviewId=eaf7859c-9566-4817-b110-2270cd00d7dc,,other,low
google_play,2026-03-12 12:03:23,1,Bad,https://play.google.com/store/apps/details?id=com.skinsort&reviewId=b6d2aaec-4c34-4044-979a-2174d7399065,,other,medium
google_play,2026-03-11 03:03:01,1,Literally this app will give you cancer it's so intrusive and poorly designed.,https://play.google.com/store/apps/details?id=com.skinsort&reviewId=3631e114-9512-45e6-b393-295b7d399388,,other,medium
google_play,2026-03-08 13:45:05,5,first time using will update more in a month,https://play.google.com/store/apps/details?id=com.skinsort&reviewId=3e19820c-6c51-4c09-97f5-a84de6fdb483,,other,low
google_play,2026-03-07 16:02:55,4,very good so far,https://play.google.com/store/apps/details?id=com.skinsort&reviewId=2ace2114-ec31-480b-be43-05554e049959,,other,low
google_play,2026-03-04 14:51:08,5,💕,https://play.google.com/store/apps/details?id=com.skinsort&reviewId=bb5996bc-9ae3-4a2c-9ae5-9dbb7703e024,,other,low
google_play,2026-03-01 15:51:54,5,"this app is my helper! this app helps me to find and check my skincare, help me find everything I need for my skin. I love this app so much! muah muah muah 🫶🏻🫶🏻",https://play.google.com/store/apps/details?id=com.skinsort&reviewId=057d4d7b-2c85-4f2c-bba4-2fa29d115197,,other,low
google_play,2026-02-22 10:18:34,3,Can't find some products,https://play.google.com/store/apps/details?id=com.skinsort&reviewId=9e660503-644b-4ef9-808b-4afb0dddb33c,,other,low
google_play,2026-02-22 02:59:07,4,"I have been using this for a year now and I love it. It helped me clear my face now and helped me find products that could actually work for my skin concerns. The only issue I have is they took longer to approved products now unlike before that it only took days. Hopefully they improve that. But overall, I will continue to use this",https://play.google.com/store/apps/details?id=com.skinsort&reviewId=6427645e-e4f5-45ce-bb23-0d7f2b15d4e2,,other,low
google_play,2026-02-21 14:28:47,4,So happy to see the app up and running!! I found out about SkinSort a couple of months ago and was devastated when I realised it had an app for ios but not Android. I was so dissapointed that I reached out directly 😅 I am so happy to see it in app form for Android. The UI is great and the app runs smoothly and is more responsive than the website. Highly recommend!!,https://play.google.com/store/apps/details?id=com.skinsort&reviewId=6ad2b6f4-5703-45b9-9e9b-0a7e8006dff3,,other,low
google_play,2026-02-19 02:42:21,5,Good 👍,https://play.google.com/store/apps/details?id=com.skinsort&reviewId=903efddc-4821-4a2e-87d5-6686e603a04c,,other,low
google_play,2026-02-18 23:06:34,5,Accurate recommendation for skin,https://play.google.com/store/apps/details?id=com.skinsort&reviewId=7767b9e9-5a7c-4134-bf53-bdb96b89f229,,other,low
google_play,2026-02-17 06:06:39,5,I LOVE ITTTTT,https://play.google.com/store/apps/details?id=com.skinsort&reviewId=d81bedd5-e8f7-4fa6-9a9e-22a2588d1cf0,,other,low
google_play,2026-02-17 04:41:39,5,good,https://play.google.com/store/apps/details?id=com.skinsort&reviewId=af6024b1-e703-41b5-b411-e525ca7dca88,,other,low
google_play,2026-02-16 20:39:11,5,I check every skincare product through skinsort! my favourite app,https://play.google.com/store/apps/details?id=com.skinsort&reviewId=efdf0646-90e1-4bfb-b995-73f85516513b,,other,low
google_play,2026-02-16 18:48:59,5,🤍,https://play.google.com/store/apps/details?id=com.skinsort&reviewId=aedb1eb7-d6a5-403b-a130-d7245b1e254f,,other,low
google_play,2026-02-14 15:13:38,5,"Best App Ever💖 I've been using it since 2years, it educated me about the ingredients of every product and now I'm mindful about what to use on my skin and what not, it has a feature which can recommend you skincare products based on the issues you describe about your skin, the feature will find products that are suitable for your skin concerns.",https://play.google.com/store/apps/details?id=com.skinsort&reviewId=c71d4e73-6c48-49f1-81d5-4b444911c466,,other,low
google_play,2026-02-12 03:52:19,5,I am actually so incredibly excited there is an app for android users now! I've been using a web short cut. one thing is the camera function doesn't seem to work. I know the app was just released but is not working on my end. Will update if it get fixed Update: Immediately after I posted this review I some how got the camera to work! Yippee! love love love eek so happy. if anything comes up will update again :),https://play.google.com/store/apps/details?id=com.skinsort&reviewId=6fe85707-3baf-4091-86b4-0e468cae0f71,,other,low
google_play,2026-02-10 18:32:38,5,love it,https://play.google.com/store/apps/details?id=com.skinsort&reviewId=36dcec1c-5bf3-4d21-8ebc-e0c966ff76e5,,other,low
google_play,2026-02-08 11:07:09,5,helps a lot,https://play.google.com/store/apps/details?id=com.skinsort&reviewId=c4e22a10-e336-425b-afbe-eb2b177746d6,,other,low
google_play,2026-02-08 04:45:24,5,"Lowkey helped me in my skin journey, 10/10 would recommend, skinsort js the goat!!!",https://play.google.com/store/apps/details?id=com.skinsort&reviewId=0511d532-65c3-4419-8590-ef4c33394411,,other,low
google_play,2026-02-07 21:04:51,5,I just started using it. Hoping it will help me build make up items for fungal break out irritated skin.,https://play.google.com/store/apps/details?id=com.skinsort&reviewId=b4c72bc1-dc57-485b-9f97-3733f260ac5a,,other,low
google_play,2026-02-07 10:37:09,4,"I've been looking forward to this app on Android for a long time now. I've been cross-referencing the website for about a year now and finally having an app to utilize is very convenient. it is a nice, clean UI, although it could use some polish around the edges. it would be amazing if they what eventually update the app to include a dark mode, as this is one of the things that point out that the app still need some polishing. It's 2026. Dark mode should be a standard edition for every app IMO.",https://play.google.com/store/apps/details?id=com.skinsort&reviewId=55fcced6-ad27-46fc-960a-3c7a83b4f639,,other,low
google_play,2026-02-07 07:24:35,5,this app was recc from a user in tt and i find it resourceful,https://play.google.com/store/apps/details?id=com.skinsort&reviewId=0b8b808f-b4be-41d7-92df-6b4bf6371958,,other,low
google_play,2026-02-06 07:18:48,5,good,https://play.google.com/store/apps/details?id=com.skinsort&reviewId=dd3c075d-3072-4dda-a8e1-89e1f391edd8,,other,low
