aw_product_id,product_name,brand_name,description,search_price,currency,aw_image_url,aw_deep_link,ean,merchant_category,in_stock
AWIN1000,"CeraVe Acne Control Face Wash with Salicylic Acid, 5 fl oz",CeraVe,CeraVe Acne Control Face Wash with Salicylic Acid featuring SALICYLIC ACID 20 mg/mL,12.82,USD,https://example-cdn.invalid/awin/1000.jpg,https://www.awin1.com/cread.php?awinmid=1234&awinaffid=5678&clickref=&p=product%2F1000,,Skin Care > Acne Treatment,true
AWIN1001,"Differin Benzoyl Peroxide 10% Acne Treatment Gel, 2.5 oz",Differin,Differin Benzoyl Peroxide 10% Acne Treatment Gel featuring BENZOYL PEROXIDE 10 g/100g,9.71,USD,https://example-cdn.invalid/awin/1001.jpg,https://www.awin1.com/cread.php?awinmid=1234&awinaffid=5678&clickref=&p=product%2F1001,,Skin Care > Acne Treatment,true
AWIN1002,"Neutrogena On-The-Spot Acne Treatment with Adapalene 0.1%, 0.5 oz",Neutrogena,Neutrogena On-The-Spot Acne Treatment with Adapalene 0.1% featuring ADAPALENE 1 mg/g,18.71,USD,https://example-cdn.invalid/awin/1002.jpg,https://www.awin1.com/cread.php?awinmid=1234&awinaffid=5678&clickref=&p=product%2F1002,,Skin Care > Acne Treatment,true
AWIN1003,"CeraVe Acne Foaming Cream Cleanser, 5 oz",CeraVe,CeraVe Acne Foaming Cream Cleanser featuring BENZOYL PEROXIDE 100 mg/mL,8.29,USD,https://example-cdn.invalid/awin/1003.jpg,https://www.awin1.com/cread.php?awinmid=1234&awinaffid=5678&clickref=&p=product%2F1003,,Skin Care > Acne Treatment,true
AWIN1004,"Neutrogena Body Clear Acne Body Wash, 8.5 fl oz",Neutrogena,Neutrogena Body Clear Acne Body Wash featuring SALICYLIC ACID 20 mg/mL,16.64,USD,https://example-cdn.invalid/awin/1004.jpg,https://www.awin1.com/cread.php?awinmid=1234&awinaffid=5678&clickref=&p=product%2F1004,,Skin Care > Acne Treatment,true
AWIN1005,"Aveeno Clear Complexion Foaming Cleanser, 5 fl oz",Aveeno,Aveeno Clear Complexion Foaming Cleanser featuring SALICYLIC ACID 5 mg/mL,13.57,USD,https://example-cdn.invalid/awin/1005.jpg,https://www.awin1.com/cread.php?awinmid=1234&awinaffid=5678&clickref=&p=product%2F1005,,Skin Care > Acne Treatment,true
AWIN1006,"Neutrogena Oil-Free Acne Face Scrub, 4.2 oz",Neutrogena,Neutrogena Oil-Free Acne Face Scrub featuring SALICYLIC ACID 20 mg/mL,8.03,USD,https://example-cdn.invalid/awin/1006.jpg,https://www.awin1.com/cread.php?awinmid=1234&awinaffid=5678&clickref=&p=product%2F1006,,Skin Care > Acne Treatment,true
AWIN1007,"CeraVe Acne Clay to Foam Face Cleanser, 5 oz",CeraVe,CeraVe Acne Clay to Foam Face Cleanser featuring SALICYLIC ACID 20 mg/mL,16.12,USD,https://example-cdn.invalid/awin/1007.jpg,https://www.awin1.com/cread.php?awinmid=1234&awinaffid=5678&clickref=&p=product%2F1007,,Skin Care > Acne Treatment,true
AWIN1008,"Cetaphil Gentle Clear Acne Serum, 1.35 fl oz",Cetaphil,Cetaphil Gentle Clear Acne Serum featuring SALICYLIC ACID 5 mg/mL,7.66,USD,https://example-cdn.invalid/awin/1008.jpg,https://www.awin1.com/cread.php?awinmid=1234&awinaffid=5678&clickref=&p=product%2F1008,,Skin Care > Acne Treatment,true
