catalog-id,name,manufacturer,description,price,currency,image-url,buy-url,upc,advertiser-category,in-stock
CJ2000,CeraVe Acne Control Face Wash with Salicylic Acid (5 fl oz),CeraVe,SALICYLIC ACID 20 mg/mL,14.80,USD,https://example-cdn.invalid/cj/2000.jpg,https://www.tkqlhce.com/click-1234567-2000,,Health & Beauty > Skin Care,Y
CJ2001,Differin Benzoyl Peroxide 10% Acne Treatment Gel (2.5 oz),Differin,BENZOYL PEROXIDE 10 g/100g,8.25,USD,https://example-cdn.invalid/cj/2001.jpg,https://www.tkqlhce.com/click-1234567-2001,,Health & Beauty > Skin Care,Y
CJ2002,Neutrogena On-The-Spot Acne Treatment with Adapalene 0.1% (0.5 oz),Neutrogena,ADAPALENE 1 mg/g,8.62,USD,https://example-cdn.invalid/cj/2002.jpg,https://www.tkqlhce.com/click-1234567-2002,,Health & Beauty > Skin Care,Y
CJ2003,CeraVe Acne Foaming Cream Cleanser (5 oz),CeraVe,BENZOYL PEROXIDE 100 mg/mL,14.63,USD,https://example-cdn.invalid/cj/2003.jpg,https://www.tkqlhce.com/click-1234567-2003,,Health & Beauty > Skin Care,Y
CJ2004,Neutrogena Body Clear Acne Body Wash (8.5 fl oz),Neutrogena,SALICYLIC ACID 20 mg/mL,21.87,USD,https://example-cdn.invalid/cj/2004.jpg,https://www.tkqlhce.com/click-1234567-2004,,Health & Beauty > Skin Care,Y
CJ2005,Aveeno Clear Complexion Foaming Cleanser (5 fl oz),Aveeno,SALICYLIC ACID 5 mg/mL,9.22,USD,https://example-cdn.invalid/cj/2005.jpg,https://www.tkqlhce.com/click-1234567-2005,,Health & Beauty > Skin Care,Y
CJ2006,Neutrogena Oil-Free Acne Face Scrub (4.2 oz),Neutrogena,SALICYLIC ACID 20 mg/mL,11.01,USD,https://example-cdn.invalid/cj/2006.jpg,https://www.tkqlhce.com/click-1234567-2006,,Health & Beauty > Skin Care,Y
CJ2007,CeraVe Acne Clay to Foam Face Cleanser (5 oz),CeraVe,SALICYLIC ACID 20 mg/mL,18.28,USD,https://example-cdn.invalid/cj/2007.jpg,https://www.tkqlhce.com/click-1234567-2007,,Health & Beauty > Skin Care,Y
CJ2008,Cetaphil Gentle Clear Acne Serum (1.35 fl oz),Cetaphil,SALICYLIC ACID 5 mg/mL,24.05,USD,https://example-cdn.invalid/cj/2008.jpg,https://www.tkqlhce.com/click-1234567-2008,,Health & Beauty > Skin Care,Y
