CatalogItemId,Name,Manufacturer,Description,CurrentPrice,Currency,ImageUrl,Url,Gtin,Category,StockAvailability
IMPACT3000,CeraVe Acne Control Face Wash with Salicylic Acid - 5 fl oz,CeraVe,CeraVe Acne Control Face Wash with Salicylic Acid with SALICYLIC ACID 20 mg/mL,17.38,USD,https://example-cdn.invalid/impact/3000.jpg,https://www.target.com/p/-/A-3000,,Health > Skin Care > Acne Treatment,InStock
IMPACT3001,Differin Benzoyl Peroxide 10% Acne Treatment Gel - 2.5 oz,Differin,Differin Benzoyl Peroxide 10% Acne Treatment Gel with BENZOYL PEROXIDE 10 g/100g,14.13,USD,https://example-cdn.invalid/impact/3001.jpg,https://www.target.com/p/-/A-3001,,Health > Skin Care > Acne Treatment,InStock
IMPACT3002,Neutrogena On-The-Spot Acne Treatment with Adapalene 0.1% - 0.5 oz,Neutrogena,Neutrogena On-The-Spot Acne Treatment with Adapalene 0.1% with ADAPALENE 1 mg/g,24.56,USD,https://example-cdn.invalid/impact/3002.jpg,https://www.target.com/p/-/A-3002,,Health > Skin Care > Acne Treatment,InStock
IMPACT3003,CeraVe Acne Foaming Cream Cleanser - 5 oz,CeraVe,CeraVe Acne Foaming Cream Cleanser with BENZOYL PEROXIDE 100 mg/mL,7.83,USD,https://example-cdn.invalid/impact/3003.jpg,https://www.target.com/p/-/A-3003,,Health > Skin Care > Acne Treatment,InStock
IMPACT3004,Neutrogena Body Clear Acne Body Wash - 8.5 fl oz,Neutrogena,Neutrogena Body Clear Acne Body Wash with SALICYLIC ACID 20 mg/mL,22.44,USD,https://example-cdn.invalid/impact/3004.jpg,https://www.target.com/p/-/A-3004,,Health > Skin Care > Acne Treatment,InStock
IMPACT3005,Aveeno Clear Complexion Foaming Cleanser - 5 fl oz,Aveeno,Aveeno Clear Complexion Foaming Cleanser with SALICYLIC ACID 5 mg/mL,12.20,USD,https://example-cdn.invalid/impact/3005.jpg,https://www.target.com/p/-/A-3005,,Health > Skin Care > Acne Treatment,InStock
IMPACT3006,Neutrogena Oil-Free Acne Face Scrub - 4.2 oz,Neutrogena,Neutrogena Oil-Free Acne Face Scrub with SALICYLIC ACID 20 mg/mL,9.59,USD,https://example-cdn.invalid/impact/3006.jpg,https://www.target.com/p/-/A-3006,,Health > Skin Care > Acne Treatment,InStock
IMPACT3007,CeraVe Acne Clay to Foam Face Cleanser - 5 oz,CeraVe,CeraVe Acne Clay to Foam Face Cleanser with SALICYLIC ACID 20 mg/mL,9.11,USD,https://example-cdn.invalid/impact/3007.jpg,https://www.target.com/p/-/A-3007,,Health > Skin Care > Acne Treatment,InStock
IMPACT3008,Cetaphil Gentle Clear Acne Serum - 1.35 fl oz,Cetaphil,Cetaphil Gentle Clear Acne Serum with SALICYLIC ACID 5 mg/mL,12.54,USD,https://example-cdn.invalid/impact/3008.jpg,https://www.target.com/p/-/A-3008,,Health > Skin Care > Acne Treatment,InStock
