product_ndc,niche,brand_name,manufacturer_name,substance_name,active_ingredient_text,active_ingredients_structured,dosage_form,route,marketing_category,product_type,finished,listing_expiration_date,package_ndcs,purpose_text,indications_and_usage,inactive_ingredient_text,spl_set_id,effective_time,source,verified,source_url,image_url
0019100109995,skin-protectant,Ultra Healing Extra Dry Skin Moisturizer,Jergens,,"Water, Glycerin, Cetearyl Alcohol, Petrolatum, Stearic Acid, C12-15 Alkyl Benzoate, Aluminum Starch Octenylsuccinate, Dimethicone, Laureth-3, Caprylic/Capric Triglyceride, Hydroxyacetophenone, Ceteareth-20, Allantoin, Arginine, Sodium Hydroxide, Carbomer, Tetrasodium Glutamate Diacetate, Argania Spinosa Kernel Oil, Panthenol, Lecithin, Pentylene Glycol, Alcohol, Ascorbyl Palmitate, Tocopherol, Phenoxyethanol",panthenol;petrolatum,,,,,,,,,,,,,brand_direct,true,https://us.jergens.com/products/jergens-ultra-healing-moisturizer,/product-images/brand-direct/0019100109995.png
paulas-choice-2010,brightening-texture,Skin Perfecting 2% BHA Liquid Exfoliant,Paula's Choice,,"Water, Methylpropanediol, Butylene Glycol, Salicylic Acid, Polysorbate 20, Camellia Oleifera, Sodium Hydroxide, Tetrasodium EDTA",salicylic-acid,,,,,,,,,,,,,brand_direct,true,https://www.paulaschoice.com/skin-perfecting-2pct-bha-liquid-exfoliant/201.html,/product-images/brand-direct/paulas-choice-2010.png
0864475000404,acne,Mighty Patch Original,Hero Cosmetics,,Hydrocolloid,,,,,,,,,,,,,,brand_direct,true,https://www.herocosmetics.us/products/mighty-patch-original,/product-images/brand-direct/0864475000404.jpg
0052800353114,skin-protectant,Daily Moisture Lotion,Lubriderm,,"Water, Mineral Oil, Glycerin, Carbomer, Potassium Cetyl Phosphate, Phenoxyethanol, Cetyl Alcohol, Sodium Polyacrylate, Caprylyl Glycol, Hydrogenated Palm Glycerides, Sodium Hydroxide, Butyrospermum Parkii (Shea) Butter, Fragrance, Disodium EDTA, Avena Sativa (Oat) Kernel Oil, Magnesium Aspartate, Zinc Gluconate, Copper Gluconate",,,,,,,,,,,,,,brand_direct,true,https://www.lubriderm.com/products/daily-moisture-lotion,/product-images/brand-direct/0052800353114.jpg
0052800483477,skin-protectant,Advanced Therapy Moisturizing Cream Fragrance-Free,Lubriderm,,"Water, Glycerin, Dicaprylyl Ether, Stearic Acid, Cetyl Alcohol, Petrolatum, Caprylic/Capric Triglyceride, Dimethicone, Butyrospermum Parkii (Shea) Butter, Acrylates Copolymer, Phenoxyethanol, Caprylyl Glycol, Carbomer, Linum Usitatissimum (Linseed) Seed Oil, Sodium Polyacrylate, Sodium Hydroxide, Citric Acid, Panthenol, Tocopheryl Acetate, Disodium EDTA",panthenol;petrolatum,,,,,,,,,,,,,brand_direct,true,https://www.lubriderm.com/products/advanced-therapy-fragrance-free-cream,/product-images/brand-direct/0052800483477.jpg
75936-164,sunscreen,Unseen Sunscreen Broad Spectrum SPF 40,"Supergoop, LLC",AVOBENZONE;HOMOSALATE;OCTOCRYLENE;OCTISALATE,Active Ingredients Purpose Avobenzone 3% Sunscreen Homosalate 8% Sunscreen Octocrylene 4% Sunscreen Octisalate 5% Sunscreen,,,,,,,,75936-164-01;75936-164-02;75936-164-03;75936-164-04;75936-164-05;75936-164-06;75936-164-07;75936-164-08;75936-164-09;75936-164-10;75936-164-11;75936-164-12;75936-164-13,"Uses Helps prevent sunburn If used as directed with other sun protection measures (see Directions ), decreases the risk of skin cancer and early skin aging caused by the sun",Stop use and ask a doctor if rash occurs,"ISODODECANE, DIMETHICONE CROSSPOLYMER (450000 MPA.S AT 12% IN CYCLOPENTASILOXANE), DIMETHICONE/BIS-ISOBUTYL PPG-20 CROSSPOLYMER, ISOHEXADECANE, DICAPRYLYL CARBONATE, POLYESTER-7, NEOPENTYL GLYCOL DIHEPTANOATE, POLYMETHYLSILSESQUIOXANE (11 MICRONS), MEDIUM-CHAIN TRIGLYCERIDES, PHYMATOLITHON CALCAREUM, SHEA BUTTER, DIETHYLHEXYL SYRINGYLIDENEMALONATE, MANNITOL, INDIAN FRANKINCENSE, LECITHIN, SUNFLOWER, MICROCRYSTALLINE CELLULOSE, DIATOMACEOUS EARTH, ZINC SULFATE, SILICON DIOXIDE, TOCOPHEROL",0670214e-520b-4126-8f28-71c765117276,20240807,dailymed,true,,
75936-641,sunscreen,Unseen Sunscreen SPF 50,Supergoop LLC,OCTISALATE;OCTOCRYLENE;AVOBENZONE;HOMOSALATE,Avobenzone 3%; Homosalate 7%; Octisalate 5%; Octocrylene 9%,,,,,,,,75936-641-01;75936-641-02;75936-641-03;75936-641-04;75936-641-05;75936-641-06;75936-641-07;75936-641-08,"Helps prevent sunburn If used as directed with other sun protection measures (see Directions), decreases the risk of skin cancer and early skin aging caused by the sun",Stop use and ask a doctor if rash occurs,"MEDIUM-CHAIN TRIGLYCERIDES, ISODODECANE, DIMETHICONE/BIS-ISOBUTYL PPG-20 CROSSPOLYMER, CAPRYLYL GLYCOL, GLYCYRRHIZINATE DIPOTASSIUM, MEADOWFOAM ESTOLIDE, HIMANTHALIA ELONGATA, HYDROGENATED JOJOBA OIL, RANDOMIZED, DIMETHICONE/VINYL DIMETHICONE CROSSPOLYMER (HARD PARTICLE), LEVOMENOL, DIMETHICONE CROSSPOLYMER, POLYMETHYLSILSESQUIOXANE (4.5 MICRONS), SHEA BUTTER, SILICON DIOXIDE, PHYSALIS ANGULATA WHOLE, DIMETHICONE 100, DIETHYLHEXYL SYRINGYLIDENEMALONATE, TOCOPHEROL",21b3491f-7b02-9bc5-e063-6294a90a0dc3,20260604,dailymed,true,,
0316-0228,acne,PanOxyl Acne Foaming Wash 10% Benzoyl Peroxide,Crown Laboratories,BENZOYL PEROXIDE,Active ingredient Benzoyl peroxide 10%,,,,,,,,0316-0228-01;0316-0228-03;0316-0228-55,Purpose Acne medication,Use for the treatment of acne,"XANTHAN GUM, CARBOMER INTERPOLYMER TYPE A (ALLYL SUCROSE CROSSLINKED), DIMETHICONE, DOCUSATE SODIUM, PALMITIC ACID, SODIUM CITRATE, SODIUM CHLORIDE, SORBITAN MONOSTEARATE, SILICON DIOXIDE, AMMONIUM ACRYLOYLDIMETHYLTAURATE, DIMETHYLACRYLAMIDE, LAURYL METHACRYLATE AND LAURETH-4 METHACRYLATE COPOLYMER, TRIMETHYLOLPROPANE TRIACRYLATE CROSSLINKED (45000 MPA.S), WATER, GLYCERIN, DECYL GLUCOSIDE, STEARIC ACID, CARBOMER HOMOPOLYMER TYPE C (ALLYL PENTAERYTHRITOL CROSSLINKED), SODIUM HYDROXIDE, POLYOXYL 40 STEARATE, PROPANEDIOL, SODIUM LAURYLGLUCOSIDES HYDROXYPROPYLSULFONATE, TERT-BUTYL ALCOHOL",1660f219-e789-91f1-e063-6294a90a7664,20260112,dailymed,true,,
0316-0227,acne,PanOxyl Acne Creamy Wash 4% Benzoyl Peroxide,Crown Laboratories,BENZOYL PEROXIDE,Active ingredient Benzoyl peroxide 4%,,,,,,,,0316-0227-06;0316-0227-10,Purpose Acne medication,Use for the treatment of acne,"XANTHAN GUM, CARBOMER INTERPOLYMER TYPE A (ALLYL SUCROSE CROSSLINKED), DIMETHICONE, DOCUSATE SODIUM, PALMITIC ACID, SODIUM CITRATE, SODIUM CHLORIDE, TERT-BUTYL ALCOHOL, SORBITAN MONOSTEARATE, SILICON DIOXIDE, WATER, AMMONIUM ACRYLOYLDIMETHYLTAURATE, DIMETHYLACRYLAMIDE, LAURYL METHACRYLATE AND LAURETH-4 METHACRYLATE COPOLYMER, TRIMETHYLOLPROPANE TRIACRYLATE CROSSLINKED (45000 MPA.S), SORBITOL, GLYCERIN, DECYL GLUCOSIDE, STEARIC ACID, CARBOMER HOMOPOLYMER TYPE C (ALLYL PENTAERYTHRITOL CROSSLINKED), SODIUM HYDROXIDE, POLYOXYL 40 STEARATE, PROPANEDIOL",7b301b94-3cc8-b05b-e053-2991aa0aa561,20260112,dailymed,true,,
55505-196,antidandruff,Nizoral Anti-Dandruff Shampoo,Kramer Laboratories,KETOCONAZOLE,Active ingredient Purpose Ketoconazole 1% w/w Anti-dandruff shampoo,,,,,,,,55505-196-29;55505-196-33;55505-196-40;55505-196-47;55505-196-57;55505-196-64;55505-196-65;55505-196-68;55505-196-72;55505-196-84;55505-196-85,Active ingredient Purpose Ketoconazole 1% w/w Anti-dandruff shampoo,"Uses controls flaking, scaling and itching associated with dandruff","Benzyl Alcohol, Butylated Hydroxytoluene, Fd&C Blue No. 1, Citric Acid Monohydrate, Coco Monoethanolamide, Glycol Distearate, Hydrochloric Acid, Hypromellose, Unspecified, Polyquaternium-7 (70/30 Acrylamide/Dadmac; 1600000 Mw), Sodium Chloride, Sodium Cocoyl Sarcosinate, Sodium Hydroxide, Sodium Laureth-3 Sulfate, Edetate Sodium, Water",a17b7424-ee7e-4fcc-b6b3-0904932ae319,20260910,dailymed,true,,
55505-232,antidandruff,Nizoral Anti-Dandruff Shampoo Peppermint + Tea Tree,Kramer Laboratories,KETOCONAZOLE,Active ingredient Purpose Ketoconazole 1% w/w Anti-dandruff shampoo,,,,,,,,55505-232-65,Active ingredient Purpose Ketoconazole 1% w/w Anti-dandruff shampoo,"Uses controls flaking, scaling and itching associated with dandruff","Benzyl Alcohol, Butylated Hydroxytoluene, Citric Acid Monohydrate, Coco Monoethanolamide, Fd&C Blue No. 1, Fd&C Yellow No. 5, Glycol Distearate, Hydrochloric Acid, Hypromellose, Unspecified, Polyquaternium-7 (70/30 Acrylamide/Dadmac; 1600000 Mw), Sodium Benzoate, Sodium Chloride, Sodium Cocoyl Sarcosinate, Sodium Hydroxide, Sodium Laureth-3 Sulfate, Edetate Sodium, Water",8dd6b2f1-f438-4be1-a6c4-4f6c8902dfb6,20250711,dailymed,true,,
55505-233,antidandruff,Nizoral Anti-Dandruff 2-in-1 Shampoo + Conditioner,Kramer Laboratories,KETOCONAZOLE,Active ingredient Purpose Ketoconazole 1% w/w Anti-dandruff shampoo,,,,,,,,55505-233-65,Active ingredient Purpose Ketoconazole 1% w/w Anti-dandruff shampoo,"Uses controls flaking, scaling and itching associated with dandruff","Benzyl Alcohol, Butylated Hydroxytoluene, Fd&C Blue No. 1, Citric Acid Monohydrate, Coco Monoethanolamide, Glycol Distearate, Hydrochloric Acid, Hypromellose, Unspecified, Polyquaternium-7 (70/30 Acrylamide/Dadmac; 1600000 Mw), Sodium Chloride, Sodium Cocoyl Sarcosinate, Sodium Hydroxide, Sodium Laureth-3 Sulfate, Edetate Sodium, Water, Sodium Benzoate",f5c8c5b4-49bd-4dc7-8c29-8f1317c6ef88,20250821,dailymed,true,,
0019045197101,skin-protectant,Itch Defense Calming Body Lotion,Curél,,"Water, Glycerin, Petrolatum, Tapioca Starch, Cetearyl Alcohol, PEG/PPG-17/6 Copolymer, Dimethicone, Behentrimonium Chloride, Isopropyl Palmitate, PPG-15 Stearyl Ether, Propylene Glycol Isostearate, Panthenol, Isopropyl Alcohol, Hydroxyacetophenone, Benzalkonium Chloride, Olea Europaea (Olive) Fruit Oil, Cetyl-PG Hydroxyethyl Palmitamide, Bis-Methoxypropylamido Isodocosane, Sodium Lauroyl Lactylate, Tocopheryl Acetate, Butyrospermum Parkii (Shea) Butter, Ceramide NP, Ceramide AP, Phytosphingosine, Cholesterol, Xanthan Gum, Ethylhexylglycerin, Polyacrylic Acid, Ceramide EOP",ceramides;panthenol;petrolatum,,,,,,,,,,,,,third_party,false,https://skinsort.com/products/curel/itch-defense-body-lotion https://www.skincarisma.com/products/curel/itch-defense-body-lotion https://dermfnd.org/p/curel-itch-defense-calming-body-lotion/,/product-images/brand-direct/0019045197101.png
8809640730696,skin-protectant,Heartleaf 70% Intense Calming Cream,Anua,,"Houttuynia cordata flower/leaf/stem water, Cetearyl Alcohol, Glycerin, 1,2-Hexanediol, Caprylic/Capric Triglyceride, Hydrogenated Poly (C6-14 Olefin), Hydrogenated Polydecene, Dicaprylyl Ether, Vinyl Dimethicone, Cetearyl Olivate, Vegetable Oil, Glyceryl Stearate SE, Panthenol, Hydrogenated Lecithin, Dipropylene Glycol, Behenyl Alcohol, Sorbitan Olivate, Ammonium Acryloyldimethyltaurate/VP Copolymer, Cetearyl Glucoside, Ethylhexylglycerin, Cholesterol, Xanthan Gum, Adenosine, Ceramide NP, Tocopherol",ceramides;panthenol;adenosine,,,,,,,,,,,,,brand_direct,true,https://anua.com/products/heartleaf-70-intense-calming-cream-50ml,/product-images/brand-direct/8809640730696.jpg
8809640732799,skin-protectant,Heartleaf 70% Daily Lotion,Anua,,"Houttuynia Cordata Extract (70%), Glycerin, 1,2-Hexanediol, MethylTrimethicone, Ethylhexyl Stearate, Butylene Glycol, Hydrogenated Poly(C6-14 Olefin), Polyglyceryl-3 Distearate, Fraxinus Rhynchophylla Extract, Ocimum Basilicum (Basil) Flower/Leaf/Stem Extract, Ulmus Davidiana Root Extract, Amaranthus Caudatus Seed Extract, Hydrogenated Lecithin, Sodium Hyaluronate, Glyceryl Glucoside, Water, Glyceryl Stearate, Trehalose, Arginine, Carbomer, Glyceryl Stearate Citrate, Sodium Stearoyl Glutamate, Glucose, Disodium Edta, Betaine, Hydrolyzed Hyaluronic Acid, Sodium Acetylated Hyaluronate, Ethylhexylglycerin",hyaluronic-acid,,,,,,,,,,,,,brand_direct,true,https://anua.com/products/heartleaf-70-daily-lotion-copy-1,/product-images/brand-direct/8809640732799.jpg
8809640731433,skin-protectant,Heartleaf 77% Soothing Toner,Anua,,"Houttuynia Cordata Flower/Leaf/Stem Water, Water, 1,2-Hexanediol, Glycerin, Betaine, Butylene Glycol, Isopentyldiol, Panthenol, Acrylates/C10-30 Alkyl Acrylate Crosspolymer, Disodium EDTA, Tromethamine, Centella Asiatica Extract, Arctium Lappa Root Extract, Phellinus Linteus Extract, Portulaca Oleracea Extract, Chamomilla Recutita (Matricaria) Flower Extract, Vitex Agnus-Castus Extract, Sodium Hyaluronate, Hydroxypropyltrimonium Hyaluronate, Hydrolyzed Hyaluronic Acid, Sodium Acetylated Hyaluronate, Hyaluronic Acid, Sodium Hyaluronate Crosspolymer, Potassium Hyaluronate",hyaluronic-acid;centella-asiatica;panthenol,,,,,,,,,,,,,brand_direct,true,https://anua.com/products/heartleaf-77-soothing-toner,/product-images/brand-direct/8809640731433.jpg
8809640732829,brightening-texture,Heartleaf Pore Control Cleansing Oil,Anua,,"Ethylhexyl Palmitate, Sorbeth-30 Tetraoleate, Sorbitan Sesquioleate, Caprylic/Capric Triglyceride, Butyl Avocadate, Fragrance, Helianthus Annuus (Sunflower) Seed Oil, Macadamia Ternifolia Seed Oil, Olea Europaea (Olive) Fruit Oil, Simmondsia Chinensis (Jojoba) Seed Oil, Vitis Vinifera (Grape) Seed Oil, Caprylyl Glycol, Ethylhexylglycerin, Curcuma Longa (Turmeric) Root Extract, Melia Azadirachta Flower Extract, Tocopherol, Melia Azadirachta Leaf Extract, Houttuynia Cordata Extract, Corallina Officinalis Extract, Melia Azadirachta Bark Extract, Moringa Oleifera Seed Oil, Ocimum Sanctum Leaf Extract",,,,,,,,,,,,,,brand_direct,true,https://anua.com/products/heartleaf-pore-control-cleansing-oil-200ml,/product-images/brand-direct/8809640732829.jpg
8809640733550,brightening-texture,Peach 70% Niacinamide Serum,Anua,,"Prunus Persica (Peach) Fruit Extract, Glycerin, Niacinamide, Butylene Glycol, Diethoxyethyl Succinate, Water, 1,2-Hexanediol, Lactobacillus Ferment, Sodium Hyaluronate, Sphingomonas Ferment Extract, Alpha-Arbutin, Melia Azadirachta Flower Extract, Ocimum Sanctum Leaf Extract, Melia Azadirachta Leaf Extract, Carthamus Tinctorius (Safflower) Seed Oil, Salvia Hispanica Seed Oil, Curcuma Longa (Turmeric) Root Extract, Corallina Officinalis Extract, Hydrolyzed Hyaluronic Acid, Chamaecyparis Obtusa Leaf Extract, Prunus Persica (Peach) Flower Extract, Centella Asiatica Extract, Artemisia Princeps Leaf Extract, Pentylene Glycol, Polyglyceryl-10 Laurate, Betaine Salicylate, Sodium Phytate, Cellulose, Caprylic/Capric Triglyceride, Hydrogenated Lecithin, Panthenol, Polyglutamic Acid, Linoleic Acid, Linolenic Acid, Polyglyceryl-10 Oleate, Sucrose Palmitate, Cyanocobalamin, 3-O-Ethyl Ascorbic Acid, Ceramide NP, Lactobionic Acid, Asiaticoside, Madecassic Acid, Asiatic Acid, Xanthan Gum, Fragrance(Parfum)",niacinamide;hyaluronic-acid;ceramides;alpha-arbutin;centella-asiatica;panthenol;lactobionic-acid;betaine-salicylate;3-o-ethyl-ascorbic-acid,,,,,,,,,,,,,brand_direct,true,https://anua.com/products/peach-70-niacinamide-serum-30ml,/product-images/brand-direct/8809640733550.jpg
8809640737190,skin-protectant,Azelaic Acid 10 Hyaluron Redness Soothing Serum,Anua,,"Water, Azelaic Acid, Propylene Glycol, Sodium Hydroxide, Dipropylene Glycol, 1,2-Hexanediol, Panthenol, Hydroxyethylcellulose, Betaine Salicylate, Glycerin, Biosaccharide Gum-1, Ethylhexylglycerin, Allantoin, Dipotassium Glycyrrhizate, Melia Azadirachta Leaf Extract, Camellia Sinensis Leaf Water, Sodium Hyaluronate, Melia Azadirachta Flower Extract, Niacinamide, Aloe Barbadensis Leaf Juice, Beta-Glucan, Centella Asiatica Extract, Centella Asiatica Leaf Extract, Centella Asiatica Root Extract, Madecassoside, Asiaticoside, Asiatic Acid, Madecassic Acid, Squalane, Zinc PCA, Butylene Glycol, Pentylene Glycol, Caprylyl/Capryl Glucoside, Hydrogenated Lecithin, Ceramide NP",niacinamide;azelaic-acid;hyaluronic-acid;ceramides;squalane;centella-asiatica;panthenol;betaine-salicylate,,,,,,,,,,,,,brand_direct,true,https://anua.com/products/azelaic-acid-10-hyaluron-redness-soothing-serum,/product-images/brand-direct/8809640737190.jpg
8809640737251,skin-protectant,3 Ceramide Panthenol Moisture Barrier Cream,Anua,,"Water, Panthenol, Butylene Glycol, Propanediol, Caprylic/Capric Triglyceride, Glycerin, Cetyl Ethylhexanoate, Behenyl Alcohol, Octyldodecanol, Phenyl Trimethicone, Vinyl Dimethicone, 1,2-Hexanediol, Bis-Diglyceryl Polyacyladipate-2, Pentylene Glycol, Caprylyl Methicone, Centella Asiatica Extract, Polyglyceryl-3 Methylglucose Distearate, Betaine, C14-22 Alcohols, Ceramide NP, Phytosterols, Hydroxyethyl Acrylate/Sodium Acryloyldimethyl Taurate Copolymer, Hydrogenated Rice Bran Oil, C12-20 Alkyl Glucoside, Ammonium Acryloyldimethyltaurate/Vp Copolymer, Glyceryl Stearate, Dimethiconol, Glyceryl Caprylate, Sodium Stearoyl Glutamate, Hydrogenated Lecithin, Glyceryl Glucoside, Acrylates/C10-30 Alkyl Acrylate Crosspolymer, Tromethamine, Sodium Phytate, Polyglyceryl-10 Stearate, Ethylhexylglycerin, Sodium Hyaluronate, Ethylhexyl Olivate, Dipropylene Glycol, Sodium Acrylates Copolymer, Polyglyceryl-4 Oleate, Linolenic Acid, Polyglyceryl-10 Laurate, Sphingolipids, Phosphatidylcholine, 4-Terpineol, Allantoin, Ectoin, Hyaluronic Acid, Squalane, Lecithin, Asiaticoside, Escin, Madecassic Acid, Asiatic Acid, Beta-Sitosterol, Tremella Fuciformis (Mushroom) Extract, Ceramide AP, Ceramide Eop, Glycine, Glutamic Acid, Serine, Alanine, Lysine, Arginine, Proline, Threonine",hyaluronic-acid;ceramides;squalane;centella-asiatica;panthenol,,,,,,,,,,,,,brand_direct,true,https://anua.com/products/3-ceramide-panthenol-moisture-barrier-cream,/product-images/brand-direct/8809640737251.jpg
anua-AA001755,skin-protectant,Barrier Reboot Daily Moisturizer,Anua,,"Water, Glycerin, Propanediol, Caprylic/Capric Triglyceride, Butylene Glycol, Cetyl Ethylhexanoate, Behenyl Alcohol, Octyldodecanol, Phenyl Trimethicone, Vinyl Dimethicone, Panthenol, Niacinamide, 1,2-Hexanediol, Bis-Diglyceryl Polyacyladipate-2, Pentylene Glycol, Caprylyl Methicone, Polyglyceryl-3 Methylglucose Distearate, C14-22 Alcohols, Phytosterols, Hydrogenated Rice Bran Oil, Hydroxyethyl Acrylate/Sodium Acryloyldimethyl Taurate Copolymer, Silica, Ceramide Np, C12-20 Alkyl Glucoside, Ammonium Acryloyldimethyltaurate/VP Copolymer, Glyceryl Stearate, Hydrogenated Lecithin, Dimethiconol, Glyceryl Caprylate, Sodium Stearoyl Glutamate, Glyceryl Glucoside, Acryrates/C10-30 Alkyl Acrylate Crosspolymer, Dipropylene Glycol, Sodium Phytate, Tromethamine, Coco-Glucoside, Polyglyceryl-10 Stearate, Cholesterol, Pectin, Calcium Pantothenate, Cynanchum Atratum Extract, Ethylhexylglycerin, Althaea Rosea Flower Extract, Phytosphingosine, Sphingolipids, Glycolips, Mevalonolactone",niacinamide;ceramides;panthenol,,,,,,,,,,,,,brand_direct,true,https://anua.com/products/barrier-reboot-daily-moisturizer,/product-images/brand-direct/anua-aa001755.jpg
0071249104590,brightening-texture,Revitalift Anti-Wrinkle + Firming Night Cream,L'Oréal Paris,,"AQUA / WATER, GLYCERIN, DIMETHICONE, HYDROGENATED POLYISOBUTENE, CETYL ALCOHOL, GLYCERYL STEARATE, ALUMINUM STARCH OCTENYLSUCCINATE, PEG-40 STEARATE, PRUNUS ARMENIACA KERNEL OIL / APRICOT KERNEL OIL, SHOREA ROBUSTA BUTTER / SHOREA ROBUSTA SEED BUTTER, PARAFFINUM LIQUIDUM / MINERAL OIL, PARAFFIN, ZEA MAYS EXTRACT / CORN KERNEL EXTRACT, STEARIC ACID, STEARYL ALCOHOL, CERA MICROCRISTALLINA / MICROCRYSTALLINE WAX, SORBITAN TRISTEARATE, GLYCINE SOJA PROTEIN / SOYBEAN PROTEIN, TRIETHANOLAMINE, ISOHEXADECANE, MYRISTYL ALCOHOL, PALMITIC ACID, PHENETHYL ALCOHOL, HYDROLYZED SOY PROTEIN, CAPRYLYL GLYCOL, ACETYL TRIFLUOROMETHYLPHENYL VALYLGLYCINE, FAEX EXTRACT / YEAST EXTRACT, POLYSORBATE 80, ACRYLAMIDE/SODIUM ACRYLOYLDIMETHYLTAURATE COPOLYMER, RETINYL PALMITATE, POTASSIUM SORBATE, SODIUM BENZOATE, PHENOXYETHANOL, LINALOOL, GERANIOL, ALPHA-ISOMETHYL IONONE, AMYL CINNAMAL, LIMONENE, CITRAL, CITRONELLOL, BUTYLPHENYL METHYLPROPIONAL, HEXYL CINNAMAL, BENZYL ALCOHOL, BENZYL BENZOATE, BENZYL CINNAMATE, BENZYL SALICYLATE, PARFUM / FRAGRANCE",retinyl-palmitate,,,,,,,,,,,,,brand_direct,true,https://www.lorealparisusa.com/skin-care/facial-moisturizers/revitalift-anti-wrinkle-firming-night-cream,/product-images/brand-direct/0071249104590.jpg
0071249396339,brightening-texture,Revitalift Triple Power Anti-Aging Moisturizer Fragrance-Free,L'Oréal Paris,,"AQUA / WATER / EAU, GLYCERIN, ISOHEXADECANE, ISOPROPYL ISOSTEARATE, NIACINAMIDE, ALUMINUM STARCH OCTENYLSUCCINATE, NYLON-12, DIMETHICONE, CETYL ALCOHOL, POLYETHYLENE, STEARYL ALCOHOL, CETEARYL ALCOHOL, STEARIC ACID, BEHENYL ALCOHOL, PHENOXYETHANOL, SYNTHETIC FLUORPHLOGOPITE, PALMITIC ACID, POLYACRYLAMIDE, CAPRYLOYL SALICYLIC ACID, SODIUM ACRYLATES COPOLYMER, CAPRYLIC/CAPRIC TRIGLYCERIDE, CI 77891 / TITANIUM DIOXIDE, PEG-100 STEARATE, CAFFEINE, ASCORBYL GLUCOSIDE, C13-14 ISOPARAFFIN, CETEARYL GLUCOSIDE, DIMETHICONOL, TOCOPHEROL, SODIUM HYALURONATE, RETINYL PALMITATE, DISODIUM EDTA, SODIUM HYDROXIDE, LAURETH-7, ADENOSINE, MYRISTIC ACID, PEG-30 DIPOLYHYDROXYSTEARATE, SORBITAN OLEATE, TIN OXIDE, CETEARETH-6",niacinamide;hyaluronic-acid;retinyl-palmitate;capryloyl-salicylic-acid;ascorbyl-glucoside;adenosine,,,,,,,,,,,,,brand_direct,true,https://www.lorealparisusa.com/skin-care/facial-moisturizers/revitalift-triple-power-anti-aging-moisturizer-fragrance-free,/product-images/brand-direct/0071249396339.jpg
0071249419182,brightening-texture,Revitalift Derm Intensives 0.3% Pure Retinol Night Serum,L'Oréal Paris,,"Water, Glycerin, Alcohol denat., Glycine soja oil / soybean oil, Isononyl isononanoate, Pentylene glycol, Dicaprylyl ether, Propylene glycol, Peg-6 caprylic/capric glycerides, Ppg-6-decyltetradeceth-30, Dicaprylyl carbonate, Glyceryl isostearate, Sodium hyaluronate, Retinol, Ammonium polyacryloyldimethyl taurate, Caprylyl glycol, Citric acid, Trisodium ethylenediamine disuccinate, Xanthan gum, Butylene glycol, Tocopherol, Pentaerythrityl tetra-di-t-butyl hydroxyhydrocinnamate, Phenoxyethanol",hyaluronic-acid;retinol-cosmetic,,,,,,,,,,,,,brand_direct,true,https://www.lorealparisusa.com/skin-care/face-serums/revitalift-derm-intensives-night-serum-03-pure-retinol,/product-images/brand-direct/0071249419182.jpg
0071249377512,brightening-texture,Revitalift Derm Intensives 1.5% Pure Hyaluronic Acid Serum,L'Oréal Paris,,"Water, Glycerin, Hydroxyethylpiperazine Ethane Sulfonic Acid, Sodium Hyaluronate, PEG-60 Hydrogenated Castor Oil, Secale Cereale Seed Extract/Rye Seed Extract, Calcium Pantothenate, Dipeptide Diaminobutyroyl Benzylamide Diacetate, Ascorbyl Glucoside, Disodium EDTA, Pentylene Glycol, Phenoxyethanol, Chlorphenesin",hyaluronic-acid;ascorbyl-glucoside,,,,,,,,,,,,,brand_direct,true,https://www.lorealparisusa.com/skin-care/face-serums/revitalift-derm-intensives-pure-hyaluronic-acid-serum,/product-images/brand-direct/0071249377512.jpg
0071249668276,skin-protectant,Collagen Moisture Filler Day/Night Cream,L'Oréal Paris,,"AQUA / WATER / EAU, GLYCERIN, BUTYROSPERMUM PARKII BUTTER / SHEA BUTTER, ISOHEXADECANE, DIMETHICONE, PENTAERYTHRITYL TETRAETHYLHEXANOATE, DIPROPYLENE GLYCOL, STEARIC ACID, PALMITIC ACID, ACRYLAMIDE/SODIUM ACRYLOYLDIMETHYLTAURATE COPOLYMER, STEARYL ALCOHOL, GLYCERYL STEARATE, PEG-100 STEARATE, CERA ALBA / BEESWAX / CIRE DABEILLE, PEG-20 STEARATE, PHENOXYETHANOL, CAPRYLYL GLYCOL, POLYSORBATE 80, POTASSIUM CETYL PHOSPHATE, BOSWELLIA SERRATA GUM, TRISODIUM ETHYLENEDIAMINE DISUCCINATE, GLYCINE SOJA OIL / SOYBEAN OIL, PARFUM / FRAGRANCE, TOCOPHEROL, MYRISTIC ACID, SORBITAN OLEATE, SOLUBLE COLLAGEN, BENZYL ALCOHOL, CITRONELLOL, BENZYL SALICYLATE, LIMONENE, LINALOOL, CITRIC ACID",,,,,,,,,,,,,,brand_direct,true,https://www.lorealparisusa.com/skin-care/facial-moisturizers/collagen-filler-collagen-moisture-filler-day-night-cream,/product-images/brand-direct/0071249668276.jpg
isdin-2962,brightening-texture,ISDINCEUTICS Melatonik Overnight Recovery Serum,ISDIN,,"Caprylic/Capric Triglyceride, Dicaprylyl Carbonate, Ascorbyl Tetraisopalmitate, Squalane, Alcohol Denat., 1,2-Hexanediol, Bakuchiol, Caprylyl Glycol, Fragrance, Melatonin, PEG-8, Water, Tocopherol, Ascorbyl Palmitate, Ascorbic Acid, Citric Acid",vitamin-c;squalane;bakuchiol;tetrahexyldecyl-ascorbate,,,,,,,,,,,,,brand_direct,true,https://www.isdin.com/us/p/isdinceutics-melatonik/2962,/product-images/brand-direct/isdin-2962.jpg
isdin-3081,brightening-texture,ISDINCEUTICS Flavo-C Ultraglican Ampoules,ISDIN,,"Propylene Glycol, Aqua (Water), Ascorbic Acid, Bis-Hydroxyethoxypropyl Dimethicone, Glycerin, PPG-26-Buteth-26, Tocopherol, PEG-40 Hydrogenated Castor Oil, Parfum (Fragrance), Sodium Benzoate, Hydrogenated Soybean Oil, Butylene Glycol, Potassium Sorbate, Hydrolyzed Hyaluronic Acid, Sodium Hydroxide, Tetradecyl Aminobutyroylvalylaminobutyric Urea Trifluoroacetate, Phenoxyethanol, Soluble Proteoglycan, Magnesium Chloride, Ergothioneine",vitamin-c;hyaluronic-acid,,,,,,,,,,,,,brand_direct,true,https://www.isdin.com/us/p/isdinceutics-flavo-c-ultraglican-10-ampoules/3081,/product-images/brand-direct/isdin-3081.jpg
isdin-3805,brightening-texture,ISDINCEUTICS Hyaluronic Concentrate Serum,ISDIN,,"Aqua (Water), Dimethicone, Propanediol, Glycerin, 1,2-Hexanediol, Sodium Acrylates Copolymer, Dimethicone Crosspolymer, Butylene Glycol, Pseudoalteromonas Ferment Extract, Glycereth-26, Lecithin, Maltodextrin, Sodium Benzoate, Pentylene Glycol, Lens Esculenta (Lentil) Seed Extract, Disodium EDTA, Hydrolyzed Hyaluronic Acid, Parfum (Fragrance), Sodium Hyaluronate, Xanthan Gum, Citric Acid, Biosaccharide Gum-1, Carbomer, Polysorbate 20, Sodium Lactate, Sodium Salicylate, Salicylic Acid, Palmitoyl Tripeptide-1, Palmitoyl Tetrapeptide-7",hyaluronic-acid;peptides,,,,,,,,,,,,,brand_direct,true,https://www.isdin.com/us/p/isdinceutics-hyaluronic-concentrate/3805,/product-images/brand-direct/isdin-3805.jpg
isdin-1510,brightening-texture,ISDINCEUTICS K-Ox Eyes,ISDIN,,"Agua (Water), Glycerin, Isohexadecane, Isopropyl Myristate, PPG-15 Stearyl Ether, PEG-30 Dipolyhydroxystearate, Phytonadione Epoxide, Magnesium Sulfate, Phenoxyethanol, Cera Microcristallina (Microcrystalline Wax), Parfum (Fragrance), CI 77891 (Titanium Dioxide), Sodium Dextran Sulfate, Acrylates/C12-22 Alkyl Methacrylate Copolymer, Steareth-20, Hesperidin Methyl Chalcone, Disodium EDTA, Hydrolyzed Hyaluronic Acid, Ethylhexylglycerin, PEG-8, Pentylene Glycol, Tocopherol, Chlorhexidine Digluconate, N-Hydroxysuccinimide, Potassium Sorbate, BHT, Dipeptide-2, Ascorbyl Palmitate, Palmitoyl Tetrapeptide-7, Citric Acid, Ascorbic Acid, Chrysin, Palmitoyl Tripeptide-1, Sodium Citrate, Biotin",vitamin-c;hyaluronic-acid;peptides,,,,,,,,,,,,,brand_direct,true,https://www.isdin.com/us/p/isdinceutics-k-ox-eyes/1510,/product-images/brand-direct/isdin-1510.jpg
isdin-4052,skin-protectant,ISDINCEUTICS Hyaluronic Moisture Normal to Dry Skin,ISDIN,,"Water, C15-19 Alkane, Propanediol, Glycerin, Caprylic/Capric Triglyceride, Butylene Glycol, Cellulose, Sodium Acrylates Crosspolymer-2, Dimethicone, 1,2-Hexanediol, Panthenol, Acrylates/C10-30 Alkyl Acrylate Crosspolymer, Caprylyl Glycol, Ammonium Acryloyldimethyltaurate/VP Copolymer, Tocopheryl Acetate, Trehalose, Urea, Fragrance, Tocopherol, Vigna Aconitifolia Seed Extract, Dimethicone Crosspolymer, Citric Acid, Maltodextrin, Sodium Hyaluronate, Tetrasodium Glutamate Diacetate, Hydrolyzed Hyaluronic Acid, Pentaerythrityl Tetra-Di-T-Butyl Hydroxyhydrocinnamate, Pentylene Glycol, Serine, Camellia Japonica Flower Extract, Alteromonas Ferment Extract, Algin, Disodium Phosphate, Glyceryl Polyacrylate, Pullulan, Potassium Phosphate, Blue 1 (CI 42090), Red 33 (CI 17200)",hyaluronic-acid;panthenol;urea,,,,,,,,,,,,,brand_direct,true,https://www.isdin.com/us/p/hyaluronic-moisture-normal-to-dry/4052,/product-images/brand-direct/isdin-4052.jpg
