product_id,image_path,source,source_page,retrieved_at
0299-3928,/product-images/manufacturer/0299-3928.webp,cetaphil.com,https://www.cetaphil.com/us/products/product-categories/all-moisturizers/daily-facial-moisturizer-spf-15/302993928041.html,2026-10-05
0299-4108,/product-images/manufacturer/0299-4108.webp,cetaphil.com,https://www.cetaphil.com/us/products/product-categories/sunscreens/sheer-mineral*-sunscreen-stick-spf-50/302994108008.html,2026-10-05
0299-4110,/product-images/manufacturer/0299-4110.webp,cetaphil.com,https://www.cetaphil.com/us/products/product-categories/sunscreens/sheer-mineral*-sunscreen-face-drops-spf-50/302994110001.html,2026-10-05
0299-4113,/product-images/manufacturer/0299-4113.webp,cetaphil.com,https://www.cetaphil.com/us/products/product-categories/all-moisturizers/daily-facial-moisturizer-spf-35/302994113002.html,2026-10-05
0299-4117,/product-images/manufacturer/0299-4117.webp,cetaphil.com,https://www.cetaphil.com/us/products/product-categories/all-moisturizers/gentle-clear-mattifying-acne-moisturizer/302994117000.html,2026-10-05
0299-4121,/product-images/manufacturer/0299-4121.webp,cetaphil.com,https://www.cetaphil.com/us/products/product-categories/all-cleansers/acne-relief-body-wash/302994121007.html,2026-10-05
0299-4122,/product-images/manufacturer/0299-4122.webp,cetaphil.com,https://www.cetaphil.com/us/products/product-categories/sunscreens/sheer-mineral*-sunscreen-lotion-spf-50/302994122004.html,2026-10-05
0299-4125,/product-images/manufacturer/0299-4125.webp,cetaphil.com,https://www.cetaphil.com/us/products/product-categories/all-cleansers/gentle-clear-complexion-clearing-acne-cleanser/302994125005.html,2026-10-05
0299-4131,/product-images/manufacturer/0299-4131.webp,differin.com,https://differin.com/shop/acne-clearing-body-wash/302994131006.html,2026-10-05
0299-4132,/product-images/manufacturer/0299-4132.webp,differin.com,https://differin.com/shop/acne-clearing-body-spray/302994132003.html,2026-10-05
0299-4133,/product-images/manufacturer/0299-4133.webp,differin.com,https://differin.com/shop/differin-oil-absorbing-moisturizer/3029949130.html,2026-10-05
0299-4134,/product-images/manufacturer/0299-4134.webp,cetaphil.com,https://www.cetaphil.com/us/products/product-categories/all-moisturizers/dermacontrol-oil-absorbing-moisturizer-spf-30/302994313044.html,2026-10-05
0299-4136,/product-images/manufacturer/0299-4136.webp,cetaphil.com,https://www.cetaphil.com/us/products/skin-concern/healthy-aging/healthy-renew-day-cream-spf-30/302994136001.html,2026-10-05
0299-4137,/product-images/manufacturer/0299-4137.webp,differin.com,https://differin.com/shop/Maximum-Strength-Acne-Foaming-Cleanser/302994137008.html,2026-10-05
0299-4138,/product-images/manufacturer/0299-4138.webp,cetaphil.com,https://www.cetaphil.com/us/products/product-categories/all-moisturizers/redness-relieving-daily-facial-tinted-moisturizer-spf-40/302995889005.html,2026-10-05
0299-4143,/product-images/manufacturer/0299-4143.webp,cetaphil.com,https://www.cetaphil.com/us/cleansers/gentle-clear-pore-clearing-acne-cleanser/302994143009.html,2026-10-05
0299-4145,/product-images/manufacturer/0299-4145.webp,cetaphil.com,https://www.cetaphil.com/us/products/product-categories/sunscreens/everyday-sunscreen-tinted-face-lotion-spf-40/302994145003.html,2026-10-05
0299-4147,/product-images/manufacturer/0299-4147.webp,cetaphil.com,https://www.cetaphil.com/us/products/product-categories/facial-moisturizers/tinted-daily-facial-moisturizer-spf-50/302994147007.html,2026-10-05
0299-4606,/product-images/manufacturer/0299-4606.webp,differin.com,https://differin.com/shop/differin-daily-cleanser/302994606009.html,2026-10-05
0299-4609,/product-images/manufacturer/0299-4609.webp,differin.com,https://differin.com/shop/body-scrub-for-acne/302994609000.html,2026-10-05
0299-4611,/product-images/manufacturer/0299-4611.webp,differin.com,https://differin.com/shop/10%25Benzoyl-Peroxide-Spot-Treatment/302994611003.html,2026-10-05
0299-4908,/product-images/manufacturer/0299-4908.webp,differin.com,https://differin.com/shop/Epiduo-Acne-Gel/302994908004.html,2026-10-05
0299-4910,/product-images/manufacturer/0299-4910.webp,differin.com,https://differin.com/shop/Differin-0.1%25Adapalene-Treatment-Gel-15g-Tube-0.5oz/302994920303.html,2026-10-04
0299-4930,/product-images/manufacturer/0299-4930.webp,cetaphil.com,https://www.cetaphil.com/us/products/product-categories/all-moisturizers/daily-facial-moisturizer-spf-50/302993930020.html,2026-10-05
52456-022,/product-images/manufacturer/52456-022.webp,rodial.com,https://www.rodial.com/products/spf-50-drops,2026-10-05
67226-2845,/product-images/manufacturer/67226-2845.webp,vivierskin.com,https://www.vivierskin.com/products/sheer-spf-45,2026-10-05
68078-066,/product-images/manufacturer/68078-066.webp,colorescience.com,https://colorescience.com/products/total-protection-no-show-mineral-sunscreen-spf-50,2026-10-05
69423-376,/product-images/manufacturer/69423-376.webp,secret.com,https://secret.com/en-us/shop/fresh-invisible-solid/cocoa-butter,2026-10-05
69423-515,/product-images/manufacturer/69423-515.webp,oldspice.com,https://oldspice.com/shop-at-retailers/old-spice-mens-antiperspirant-deodorant-alpine-with-hemp-oil-2-6-oz/,2026-10-05
69423-677,/product-images/manufacturer/69423-677.webp,secret.com,https://secret.com/en-us/shop/antiperspirant-dry-spray/vanilla,2026-10-05
69423-695,/product-images/manufacturer/69423-695.webp,secret.com,https://secret.com/en-us/shop/fresh-invisible-solid/cool-waterlily,2026-10-05
69423-701,/product-images/manufacturer/69423-701.webp,oldspice.com,https://oldspice.com/shop-at-retailers/old-spice-mens-antiperspirant-deodorant-oasis-with-vanilla-2-6-oz/,2026-10-05
69846-110,/product-images/manufacturer/69846-110.webp,numarkbrands.com,https://numarkbrands.com/products/5-day-deodorant/,2026-10-05
70412-401,/product-images/manufacturer/70412-401.webp,elfcosmetics.com,https://www.elfcosmetics.com/products/plz-clarify-facial-oil,2026-10-05
70453-001,/product-images/manufacturer/70453-001.webp,emmahardie.com,https://www.emmahardie.com/products/protect-and-prime-spf30,2026-10-05
70809-1235,/product-images/manufacturer/70809-1235.webp,urbanskinrx.com,https://urbanskinrx.com/products/spf-lip-balm-cool-mint,2026-10-05
71780-550,/product-images/manufacturer/71780-550.webp,laspanaturals.com,https://laspanaturals.com/products/laspa-spf50-ultra-sunscreen-stick,2026-10-05
72208-321,/product-images/manufacturer/72208-321.webp,theordinary.com,https://theordinary.com/en-us/salicylic-acid-05-body-serum-100644.html,2026-10-05
79458-002,/product-images/manufacturer/79458-002.webp,imageskincare.com,https://imageskincare.com/products/clear-cell-clarifying-acne-spot-treatment,2026-10-05
79747-003,/product-images/manufacturer/79747-003.webp,boogiewipes.com,https://www.boogiewipes.com/products/boogie-no-rub-diaper-rash-spray,2026-10-05
80618-600,/product-images/manufacturer/80618-600.webp,gosolovegan.com,https://gosolovegan.com/products/block-party-daily-shield-sunscreen-spf-60,2026-10-05
81537-282,/product-images/manufacturer/81537-282.webp,dmkskincare.com,https://dmkskincare.com/product/ultra-screen/,2026-10-05
82088-214,/product-images/manufacturer/82088-214.webp,odacite.com,https://odacite.com/products/tinted-mineral-drops-niacinamide-green-tea-spf-50-sunscreen,2026-10-05
82088-285,/product-images/manufacturer/82088-285.webp,odacite.com,https://odacite.com/products/spf-50-sheer-sunscreen,2026-10-05
83241-1039,/product-images/manufacturer/83241-1039.webp,balmere.com,https://balmere.com/products/daily-mineral-sunscreen,2026-10-05
84204-2496,/product-images/manufacturer/84204-2496.webp,blackgirlsunscreen.com,https://blackgirlsunscreen.com/product/bgs-baby-spf-50/,2026-10-05
85600-2034,/product-images/manufacturer/85600-2034.webp,peachystudio.com,https://peachystudio.com/products/tinted-sunscreen,2026-10-05
85600-2368,/product-images/manufacturer/85600-2368.webp,peachystudio.com,https://peachystudio.com/products/mineral-facial-sunscreen,2026-10-05
87035-027,/product-images/manufacturer/87035-027.webp,damastique.com,https://damastique.com/products/spf-active-serum,2026-10-05
87342-2368,/product-images/manufacturer/87342-2368.webp,oianaliving.com,https://oianaliving.com/products/mineral-sunscreen-drops-spf-50,2026-10-05
87407-236,/product-images/manufacturer/87407-236.webp,knesko.com,https://knesko.com/products/gold-repair-sunscreen,2026-10-05
