duplicate_id,canonical_id,tier,method,p_ab,p_ba,notes
0072140636081,0072140452315,auto,exact,,,ingredient overlap 1.00
0096-0810,0096-0732,auto,exact,,,ingredient overlap 1.00
0113-0825,0113-0214,auto,name,0.980,0.980,ingredient overlap 1.00
0311-0731,0311-0725,auto,exact,,,ingredient overlap 1.00
0311-0732,0311-0725,auto,exact,,,ingredient overlap 1.00
0311-0733,0311-0725,auto,exact,,,ingredient overlap 1.00
0311-0734,0311-0725,auto,exact,,,ingredient overlap 1.00
0311-0735,0311-0725,auto,exact,,,ingredient overlap 1.00
3600551195377,0360051195377,auto,exact,,,ingredient overlap 1.00
0363-4660,0363-0480,auto,exact,,,ingredient overlap 1.00
0363-4110,0363-1401,auto,name,0.980,0.980,ingredient overlap 1.00
0363-1804,0363-1801,auto,exact,,,an ingredient list is missing on one side
0363-3181,0363-2181,auto,exact,,,ingredient overlap 0.78
0363-5211,0363-5201,auto,exact,,,ingredient overlap 1.00
0363-9924,0363-9921,auto,exact,,,ingredient overlap 1.00
76898525,0381371187607,auto,name,0.980,0.980,ingredient overlap 1.00
0395-9110,0395-0413,auto,name,0.950,0.950,ingredient overlap 0.75
0135-2029,0573-0804,auto,exact,,,ingredient overlap 0.86
3760378510415,0642968328583,auto,name,0.950,0.960,ingredient overlap 1.00
0769915194982,0769915233506,auto,exact,,,an ingredient list is missing on one side
0850042058282,0850030360298,auto,exact,,,ingredient overlap 1.00
71110-1501,10096-1501,auto,name,0.930,0.950,ingredient overlap 1.00
71110-1502,10096-1502,auto,name,0.920,0.950,ingredient overlap 1.00
71110-1503,10096-1503,auto,name,0.920,0.940,ingredient overlap 1.00
71110-1504,10096-1504,auto,name,0.940,0.950,ingredient overlap 1.00
71110-1505,10096-1505,auto,name,0.920,0.940,ingredient overlap 1.00
71110-1506,10096-1506,auto,name,0.930,0.940,ingredient overlap 1.00
71110-1507,10096-1507,auto,name,0.930,0.950,ingredient overlap 1.00
71110-1508,10096-1508,auto,name,0.930,0.950,ingredient overlap 1.00
71110-1509,10096-1509,auto,name,0.940,0.950,ingredient overlap 1.00
71110-1510,10096-1510,auto,name,0.930,0.950,ingredient overlap 1.00
71110-1511,10096-1511,auto,name,0.930,0.950,ingredient overlap 1.00
71110-1512,10096-1512,auto,name,0.930,0.950,ingredient overlap 1.00
71110-1513,10096-1513,auto,name,0.940,0.950,ingredient overlap 1.00
71110-1514,10096-1514,auto,name,0.920,0.940,ingredient overlap 1.00
71110-1515,10096-1515,auto,name,0.920,0.950,ingredient overlap 1.00
71110-1516,10096-1516,auto,name,0.930,0.950,ingredient overlap 1.00
10157-8010,10157-8009,auto,exact,,,ingredient overlap 1.00
10157-8012,10157-8009,auto,exact,,,ingredient overlap 1.00
10157-8013,10157-8009,auto,exact,,,ingredient overlap 1.00
10157-8014,10157-8009,auto,exact,,,ingredient overlap 1.00
10210-0066,10210-0023,auto,name,0.930,0.950,ingredient overlap 1.00
10210-0037,10210-0033,auto,exact,,,ingredient overlap 1.00
10210-0060,10210-0058,auto,exact,,,ingredient overlap 1.00
10210-0082,10210-0078,auto,name,0.940,0.950,ingredient overlap 1.00
10210-0087,10210-0086,auto,exact,,,ingredient overlap 1.00
10210-0089,10210-0088,auto,exact,,,ingredient overlap 1.00
10210-0090,10210-0088,auto,exact,,,ingredient overlap 1.00
10210-0095,10210-0093,auto,exact,,,ingredient overlap 0.86
69968-0654,10637-7005,auto,barcode,0.920,0.890,ingredient overlap 1.00
10742-3075,10742-1048,auto,barcode,0.940,0.950,ingredient overlap 1.00
10742-1205,10742-1201,auto,exact,,,ingredient overlap 1.00
10742-1206,10742-1202,auto,exact,,,ingredient overlap 1.00
10742-1236,10742-1234,auto,exact,,,ingredient overlap 1.00
10742-8478,10742-8477,auto,exact,,,ingredient overlap 1.00
10967-693,10967-691,auto,exact,,,ingredient overlap 1.00
10967-787,10967-786,auto,name,0.960,0.960,ingredient overlap 1.00
8809598451926,113020143,auto,exact,,,ingredient overlap 1.00
the-ceramide-skin-barrier-moisturizer,113021334,auto,name,0.950,0.950,ingredient overlap 1.00
11523-1190,11523-0934,auto,exact,,,ingredient overlap 1.00
11523-6549,11523-0963,auto,name,0.980,0.970,ingredient overlap 1.00
11822-7792,11822-7791,auto,exact,,,ingredient overlap 1.00
11822-9023,11822-9021,auto,exact,,,ingredient overlap 1.00
13537-089,13537-088,auto,exact,,,ingredient overlap 1.00
13709-331,13709-337,auto,exact,,,an ingredient list is missing on one side
14783-028,14783-018,auto,exact,,,ingredient overlap 1.00
14783-038,14783-018,auto,exact,,,ingredient overlap 1.00
14783-045,14783-035,auto,exact,,,ingredient overlap 1.00
14783-055,14783-035,auto,exact,,,ingredient overlap 1.00
14783-049,14783-039,auto,exact,,,ingredient overlap 1.00
8008970052014,1636088559001999,auto,exact,,,ingredient overlap 1.00
1789066855725,1789151994845,auto,exact,,,ingredient overlap 0.97
20151-077,20151-076,auto,exact,,,ingredient overlap 1.00
20367-132,20367-133,auto,exact,,,ingredient overlap 0.93
21130-929,21130-040,auto,name,0.960,0.940,ingredient overlap 1.00
21130-781,21130-060,auto,name,0.930,0.920,ingredient overlap 1.00
21130-759,21130-102,auto,name,0.940,0.930,ingredient overlap 1.00
21130-395,21130-278,auto,name,0.930,0.920,ingredient overlap 1.00
21130-825,21130-696,auto,name,0.940,0.940,ingredient overlap 1.00
21839-590,21839-570,auto,name,0.940,0.920,ingredient overlap 1.00
24909-214,24909-212,auto,name,0.960,0.950,ingredient overlap 1.00
30142-936,30142-901,auto,exact,,,ingredient overlap 1.00
30142-937,30142-919,auto,name,0.980,0.980,ingredient overlap 1.00
8906005274106,302990110227,auto,name,0.970,0.970,ingredient overlap 1.00
0772618078008,302990241334,auto,name,0.910,0.920,ingredient overlap 0.88
31190-330,31190-320,auto,exact,,,ingredient overlap 1.00
3245678691540,3245678691533,auto,exact,,,ingredient overlap 1.00
3337875537315,3337875537308,auto,name,0.970,0.970,ingredient overlap 1.00
3337875763790,3337875696548,auto,name,0.900,0.920,ingredient overlap 0.77
4005808159387,3414090801329,auto,name,0.920,0.950,ingredient overlap 1.00
4005808801053,3414090801329,auto,name,0.980,0.980,ingredient overlap 1.00
4005808925124,3414090801329,auto,name,0.970,0.970,ingredient overlap 1.00
4005900308832,3414090801329,auto,name,0.970,0.960,ingredient overlap 1.00
35000-775,35000-761,auto,exact,,,ingredient overlap 1.00
35000-778,35000-773,auto,exact,,,ingredient overlap 1.00
51009-861,35000-777,auto,barcode,0.930,0.920,ingredient overlap 1.00
36800-877,36800-876,auto,name,0.980,0.940,ingredient overlap 1.00
37808-960,37808-015,auto,exact,,,an ingredient list is missing on one side
37808-998,37808-912,auto,exact,,,ingredient overlap 1.00
37808-958,37808-956,auto,exact,,,ingredient overlap 1.00
37808-978,37808-972,auto,exact,,,ingredient overlap 0.91
37808-984,37808-983,auto,exact,,,ingredient overlap 1.00
37808-997,37808-996,auto,name,0.970,0.970,ingredient overlap 1.00
39892-0951,39892-0950,auto,exact,,,ingredient overlap 1.00
40058,40037,auto,name,0.960,0.970,ingredient overlap 1.00
4066447952971,4067796106725,auto,name,0.940,0.930,ingredient overlap 1.00
84714-0668,41167-0668,auto,name,0.910,0.930,ingredient overlap 1.00
84714-0669,41167-0669,auto,name,0.910,0.920,ingredient overlap 1.00
41250-042,41250-009,auto,exact,,,ingredient overlap 0.86
41250-440,41250-438,auto,name,0.940,0.900,ingredient overlap 1.00
42681-7049,42681-7048,auto,exact,,,ingredient overlap 1.00
43239-201,43239-101,auto,exact,,,ingredient overlap 1.00
43419-248,43419-247,auto,exact,,,ingredient overlap 1.00
43419-249,43419-247,auto,exact,,,ingredient overlap 1.00
43596-0004,43455-0004,auto,name,0.920,0.930,ingredient overlap 1.00
43596-0005,43455-0005,auto,name,0.900,0.900,ingredient overlap 1.00
72204-904,43479-208,auto,barcode,0.680,0.690,ingredient overlap 1.00
47682-397,47682-211,auto,exact,,,ingredient overlap 1.00
47682-933,47682-211,auto,exact,,,ingredient overlap 1.00
49035-979,49035-757,auto,name,0.950,0.940,ingredient overlap 1.00
79903-379,49035-843,auto,name,0.980,0.980,ingredient overlap 1.00
79903-398,49035-843,auto,name,0.990,0.990,ingredient overlap 1.00
70677-1214,49348-522,auto,name,0.920,0.900,ingredient overlap 1.00
49404-300,49404-147,auto,barcode,0.880,0.770,ingredient overlap 0.95
49404-301,49404-148,auto,exact,,,ingredient overlap 1.00
49404-302,49404-149,auto,exact,,,ingredient overlap 1.00
49404-303,49404-150,auto,exact,,,ingredient overlap 1.00
49404-305,49404-152,auto,barcode,0.980,0.980,ingredient overlap 1.00
49404-306,49404-153,auto,exact,,,ingredient overlap 1.00
49404-307,49404-154,auto,exact,,,ingredient overlap 1.00
4987176362216,4987176362117,auto,name,0.900,0.900,ingredient overlap 1.00
69625-113,49967-113,auto,barcode,0.870,0.920,ingredient overlap 1.00
82046-992,49967-199,auto,name,0.970,0.960,ingredient overlap 1.00
https://www.cerave.com/skincare/moisturizers/facial-moisturizers/am-facial-moisturizing-lotion-spf-50,49967-263,auto,name,0.950,0.930,ingredient overlap 1.00
51150-293,49967-293,auto,barcode,0.900,0.950,ingredient overlap 1.00
https://www.cerave.com/skincare/moisturizers/facial-moisturizers/skin-renewing-brightening-lotion-spf-30,49967-360,auto,name,0.910,0.910,ingredient overlap 1.00
69625-496,49967-496,auto,barcode,0.880,0.920,ingredient overlap 1.00
69625-583,49967-584,auto,barcode,0.860,0.890,ingredient overlap 1.00
49967-142,49967-614,auto,name,0.940,0.970,ingredient overlap 0.97
51150-142,49967-614,auto,name,0.940,0.960,ingredient overlap 0.97; via chain
51150-614,49967-614,auto,name,0.900,0.940,ingredient overlap 1.00
69625-620,49967-621,auto,barcode,0.780,0.790,ingredient overlap 1.00
69625-630,49967-630,auto,barcode,0.800,0.920,ingredient overlap 1.00
69625-651,49967-650,auto,barcode,0.860,0.920,ingredient overlap 1.00
69625-743,49967-744,auto,barcode,0.830,0.870,ingredient overlap 0.94
69625-868,49967-869,auto,barcode,0.850,0.860,ingredient overlap 1.00
69625-899,49967-899,auto,barcode,0.850,0.860,ingredient overlap 1.00
69625-908,49967-907,auto,barcode,0.850,0.840,ingredient overlap 1.00
69625-917,49967-917,auto,barcode,0.820,0.920,ingredient overlap 1.00
69625-058,49967-926,auto,name,0.980,0.980,ingredient overlap 1.00; via chain
69625-926,49967-926,auto,name,0.980,0.980,ingredient overlap 1.00; via chain
82046-058,49967-926,auto,name,0.980,0.980,ingredient overlap 1.00
83342-927,49967-927,auto,name,0.910,0.930,ingredient overlap 1.00
83342-974,49967-974,auto,barcode,0.870,0.900,ingredient overlap 1.00
69625-995,49967-995,auto,barcode,0.850,0.910,ingredient overlap 1.00
50090-7364,50090-1071,auto,exact,,,ingredient overlap 1.00
50090-5674,50090-5607,auto,name,0.970,0.970,ingredient overlap 1.00
69968-0553,50090-6558,auto,name,0.930,0.910,ingredient overlap 1.00
50090-0562,50090-7376,auto,exact,,,ingredient overlap 0.88
50090-0614,50090-7376,auto,exact,,,ingredient overlap 1.00; via chain
50090-1770,50090-7376,auto,exact,,,ingredient overlap 1.00; via chain
50090-4971,50090-7376,auto,exact,,,ingredient overlap 1.00; via chain
50090-6546,50090-7376,auto,exact,,,ingredient overlap 1.00; via chain
5060879821989,5060422297346,auto,exact,,,ingredient overlap 0.96
82046-631,51150-631,auto,barcode,0.940,0.890,ingredient overlap 1.00
82046-955,51150-995,auto,barcode,0.920,0.840,ingredient overlap 1.00
51316-093,51316-005,auto,name,0.980,0.970,ingredient overlap 1.00
51326-370,51326-137,auto,name,0.970,0.970,ingredient overlap 1.00
51523-456,51523-406,auto,name,0.900,0.900,ingredient overlap 1.00
51625-002,51625-001,auto,exact,,,ingredient overlap 1.00
51625-003,51625-001,auto,exact,,,ingredient overlap 1.00
51628-4249,51628-4246,auto,exact,,,ingredient overlap 1.00
51628-4600,51628-4246,auto,exact,,,ingredient overlap 1.00
51672-2003,51672-2002,auto,exact,,,ingredient overlap 1.00
51672-2140,51672-2080,auto,exact,,,ingredient overlap 1.00
51727-0632,51727-0631,auto,exact,,,ingredient overlap 1.00
51727-0633,51727-0631,auto,exact,,,ingredient overlap 1.00
51727-0634,51727-0631,auto,exact,,,ingredient overlap 1.00
51770-112,51770-111,auto,name,0.900,0.940,ingredient overlap 0.96
51824-093,51824-063,auto,barcode,0.630,0.720,ingredient overlap 1.00
51824-098,51824-097,auto,exact,,,ingredient overlap 1.00
52000-118,52000-101,auto,exact,,,ingredient overlap 1.00
52000-119,52000-102,auto,exact,,,ingredient overlap 1.00
52000-150,52000-103,auto,exact,,,ingredient overlap 1.00
52257-1450,52257-1410,auto,exact,,,ingredient overlap 1.00
52257-1460,52257-1420,auto,exact,,,ingredient overlap 1.00
69968-0781,52328-305,auto,name,0.920,0.900,ingredient overlap 1.00
69968-0890,52328-310,auto,name,0.940,0.920,ingredient overlap 1.00
68747-6082,52410-3066,auto,barcode,0.650,0.750,ingredient overlap 1.00
52424-0002,52424-0001,auto,exact,,,ingredient overlap 1.00
52854-981,52854-927,auto,exact,,,ingredient overlap 1.00
52854-982,52854-927,auto,exact,,,ingredient overlap 1.00
52854-983,52854-927,auto,exact,,,ingredient overlap 1.00
72330-052,53208-052,auto,name,0.900,0.900,ingredient overlap 1.00
72330-062,53208-062,auto,name,0.900,0.900,ingredient overlap 1.00
72330-195,53208-195,auto,barcode,0.900,0.920,ingredient overlap 1.00
72330-196,53208-196,auto,barcode,0.900,0.930,ingredient overlap 1.00
53208-212,53208-211,auto,exact,,,ingredient overlap 1.00
72330-251,53208-251,auto,barcode,0.800,0.880,ingredient overlap 1.00
72330-401,53208-401,auto,barcode,0.820,0.820,ingredient overlap 1.00
72330-710,53208-710,auto,barcode,0.840,0.900,ingredient overlap 1.00
53208-722,53208-721,auto,exact,,,ingredient overlap 1.00
72330-721,53208-721,auto,barcode,0.860,0.910,ingredient overlap 1.00
72330-722,53208-721,auto,barcode,0.860,0.900,ingredient overlap 1.00; via chain
72330-800,53208-800,auto,barcode,0.890,0.910,ingredient overlap 1.00
54473-407,54473-406,auto,exact,,,ingredient overlap 1.00
54473-408,54473-406,auto,exact,,,ingredient overlap 1.00
69968-0897,54565-1645,auto,barcode,0.910,0.870,ingredient overlap 1.00
83103-5001,54594-130,auto,barcode,0.650,0.690,ingredient overlap 1.00
83103-5003,54594-133,auto,barcode,0.750,0.710,ingredient overlap 1.00
83103-5002,54594-134,auto,barcode,0.680,0.660,ingredient overlap 1.00
83103-5000,54594-135,auto,barcode,0.660,0.690,ingredient overlap 1.00
83103-5005,54594-136,auto,barcode,0.710,0.670,ingredient overlap 1.00
55301-019,55301-015,auto,exact,,,ingredient overlap 1.00
55681-019,55681-018,auto,exact,,,ingredient overlap 1.00
75712-943,55910-442,auto,exact,,,ingredient overlap 1.00
75712-944,55910-442,auto,exact,,,ingredient overlap 1.00
56136-171,56136-170,auto,exact,,,ingredient overlap 1.00
56136-172,56136-170,auto,exact,,,ingredient overlap 1.00
56136-183,56136-182,auto,exact,,,ingredient overlap 1.00
56136-195,56136-188,auto,name,0.960,0.980,ingredient overlap 1.00
56136-197,56136-188,auto,exact,,,ingredient overlap 1.00
57337-139,57337-138,auto,exact,,,ingredient overlap 0.85
57337-165,57337-151,auto,exact,,,ingredient overlap 1.00
57337-157,57337-154,auto,exact,,,ingredient overlap 1.00
57337-156,57337-155,auto,exact,,,ingredient overlap 1.00
58228-7030,58228-7020,auto,exact,,,ingredient overlap 1.00
82761-015,58411-594,auto,name,0.970,0.960,ingredient overlap 1.00
82761-016,58411-595,auto,name,0.960,0.960,ingredient overlap 1.00
82761-017,58411-596,auto,name,0.960,0.960,ingredient overlap 1.00
82761-018,58411-597,auto,name,0.970,0.960,ingredient overlap 1.00
82761-019,58411-598,auto,name,0.970,0.960,ingredient overlap 1.00
82761-020,58411-599,auto,name,0.960,0.960,ingredient overlap 1.00
82761-021,58411-600,auto,name,0.960,0.960,ingredient overlap 1.00
82761-022,58411-601,auto,name,0.960,0.960,ingredient overlap 1.00
82761-023,58411-602,auto,name,0.970,0.960,ingredient overlap 1.00
82761-024,58411-603,auto,name,0.960,0.960,ingredient overlap 1.00
82761-025,58411-604,auto,name,0.970,0.960,ingredient overlap 1.00
82761-026,58411-605,auto,name,0.960,0.960,ingredient overlap 1.00
82761-027,58411-606,auto,name,0.960,0.970,ingredient overlap 1.00
82761-028,58411-607,auto,name,0.910,0.930,ingredient overlap 1.00
82761-029,58411-608,auto,name,0.970,0.960,ingredient overlap 1.00
82761-030,58411-609,auto,name,0.970,0.960,ingredient overlap 1.00
82761-031,58411-610,auto,name,0.970,0.960,ingredient overlap 1.00
82761-032,58411-611,auto,name,0.960,0.960,ingredient overlap 1.00
82761-033,58411-612,auto,name,0.960,0.960,ingredient overlap 1.00
82761-034,58411-613,auto,name,0.970,0.960,ingredient overlap 1.00
58418-003,58418-000,auto,exact,,,ingredient overlap 1.00
58443-0144,58443-0140,auto,exact,,,ingredient overlap 1.00
58443-0296,58443-0295,auto,exact,,,ingredient overlap 0.90
58479-043,58479-042,auto,exact,,,ingredient overlap 1.00
58892-126,58892-125,auto,name,0.930,0.930,ingredient overlap 1.00
59735-173,59735-172,auto,exact,,,ingredient overlap 1.00
59735-204,59735-203,auto,exact,,,ingredient overlap 1.00
59735-205,59735-203,auto,exact,,,ingredient overlap 1.00
59735-206,59735-203,auto,exact,,,ingredient overlap 1.00
59735-207,59735-203,auto,exact,,,ingredient overlap 1.00
59735-208,59735-203,auto,exact,,,ingredient overlap 1.00
59735-209,59735-203,auto,exact,,,ingredient overlap 1.00
59735-210,59735-203,auto,exact,,,ingredient overlap 1.00
59735-212,59735-203,auto,exact,,,ingredient overlap 1.00
59735-213,59735-203,auto,exact,,,ingredient overlap 1.00
59735-214,59735-203,auto,exact,,,ingredient overlap 1.00
59735-215,59735-203,auto,exact,,,ingredient overlap 1.00
59735-216,59735-203,auto,exact,,,ingredient overlap 1.00
59735-217,59735-203,auto,exact,,,ingredient overlap 1.00
59735-218,59735-203,auto,exact,,,ingredient overlap 1.00
59735-219,59735-203,auto,exact,,,ingredient overlap 1.00
59735-220,59735-203,auto,exact,,,ingredient overlap 1.00
59735-221,59735-203,auto,exact,,,ingredient overlap 1.00
59735-222,59735-203,auto,exact,,,ingredient overlap 1.00
59735-223,59735-203,auto,exact,,,ingredient overlap 1.00
59735-224,59735-203,auto,exact,,,ingredient overlap 1.00
59735-225,59735-203,auto,exact,,,ingredient overlap 1.00
59735-226,59735-203,auto,exact,,,ingredient overlap 1.00
59735-227,59735-203,auto,exact,,,ingredient overlap 1.00
59735-228,59735-203,auto,exact,,,ingredient overlap 1.00
59735-229,59735-203,auto,exact,,,ingredient overlap 1.00
59735-230,59735-203,auto,exact,,,ingredient overlap 1.00
59735-231,59735-203,auto,exact,,,ingredient overlap 1.00
59735-891,59735-890,auto,exact,,,ingredient overlap 1.00
59735-892,59735-890,auto,exact,,,ingredient overlap 1.00
83282-851,59735-990,auto,barcode,0.540,0.670,ingredient overlap 1.00
59779-028,59779-021,auto,exact,,,ingredient overlap 1.00
69842-181,59779-266,auto,exact,,,ingredient overlap 1.00
60771-0026,60771-0025,auto,exact,,,ingredient overlap 1.00
61047-139,61047-120,auto,name,0.960,0.970,ingredient overlap 1.00
61197-312,61197-314,auto,exact,,,ingredient overlap 0.92
61197-313,61197-314,auto,exact,,,ingredient overlap 1.00; via chain
61197-315,61197-314,auto,exact,,,ingredient overlap 1.00; via chain
61312-005,61312-004,auto,exact,,,ingredient overlap 1.00
61354-048,61354-012,auto,exact,,,ingredient overlap 1.00
61354-092,61354-013,auto,exact,,,ingredient overlap 1.00
61354-026,61354-025,auto,exact,,,ingredient overlap 1.00
61354-033,61354-030,auto,exact,,,ingredient overlap 1.00
61354-041,61354-035,auto,exact,,,ingredient overlap 0.94
61354-055,61354-053,auto,exact,,,ingredient overlap 0.75
61354-056,61354-053,auto,exact,,,ingredient overlap 0.75
61354-057,61354-053,auto,exact,,,ingredient overlap 0.75
61354-058,61354-053,auto,exact,,,ingredient overlap 0.75
61354-059,61354-053,auto,exact,,,ingredient overlap 0.75
61354-062,61354-053,auto,exact,,,ingredient overlap 0.75
61354-063,61354-053,auto,exact,,,ingredient overlap 0.75
61354-064,61354-053,auto,exact,,,ingredient overlap 0.75
61354-065,61354-053,auto,exact,,,ingredient overlap 0.75
61354-066,61354-053,auto,exact,,,ingredient overlap 0.75
61354-081,61354-053,auto,exact,,,ingredient overlap 0.75
61354-082,61354-053,auto,exact,,,ingredient overlap 0.75
61354-083,61354-053,auto,exact,,,ingredient overlap 0.75
61354-084,61354-053,auto,exact,,,ingredient overlap 0.75
61354-085,61354-053,auto,exact,,,ingredient overlap 0.75
61354-086,61354-053,auto,exact,,,ingredient overlap 0.75
61354-087,61354-053,auto,exact,,,ingredient overlap 0.75
61354-088,61354-053,auto,exact,,,ingredient overlap 0.75
61354-095,61354-094,auto,exact,,,ingredient overlap 1.00
61354-096,61354-094,auto,exact,,,ingredient overlap 1.00
61354-098,61354-094,auto,exact,,,ingredient overlap 1.00
61354-102,61354-101,auto,exact,,,ingredient overlap 1.00
61354-103,61354-101,auto,exact,,,ingredient overlap 1.00
61354-104,61354-101,auto,exact,,,ingredient overlap 1.00
61354-105,61354-101,auto,exact,,,ingredient overlap 1.00
61354-106,61354-101,auto,exact,,,ingredient overlap 1.00
61354-107,61354-101,auto,exact,,,ingredient overlap 1.00
61354-108,61354-101,auto,exact,,,ingredient overlap 1.00
61354-109,61354-101,auto,exact,,,ingredient overlap 1.00
61354-110,61354-101,auto,exact,,,ingredient overlap 1.00
61354-112,61354-111,auto,exact,,,ingredient overlap 1.00
61354-113,61354-111,auto,exact,,,ingredient overlap 1.00
61354-114,61354-111,auto,exact,,,ingredient overlap 1.00
61354-118,61354-117,auto,exact,,,ingredient overlap 1.00
61354-119,61354-117,auto,exact,,,ingredient overlap 1.00
61354-188,61354-117,auto,exact,,,ingredient overlap 1.00
61354-189,61354-117,auto,exact,,,ingredient overlap 1.00
61354-190,61354-117,auto,exact,,,ingredient overlap 1.00
61477-221,61477-220,auto,exact,,,ingredient overlap 1.00
61601-0079,61601-0080,auto,exact,,,ingredient overlap 0.90
61601-0081,61601-0080,auto,exact,,,ingredient overlap 0.89; via chain
61601-0082,61601-0080,auto,exact,,,ingredient overlap 0.90; via chain
61601-1113,61601-1112,auto,exact,,,ingredient overlap 1.00
61601-1114,61601-1112,auto,exact,,,ingredient overlap 1.00
61601-1115,61601-1112,auto,exact,,,ingredient overlap 1.00
61601-1116,61601-1112,auto,exact,,,ingredient overlap 1.00
61601-1117,61601-1112,auto,exact,,,ingredient overlap 1.00
61601-1118,61601-1112,auto,exact,,,ingredient overlap 1.00
61601-1119,61601-1112,auto,exact,,,ingredient overlap 1.00
61601-1120,61601-1112,auto,exact,,,ingredient overlap 1.00
61601-1121,61601-1112,auto,exact,,,ingredient overlap 1.00
61601-1122,61601-1112,auto,exact,,,ingredient overlap 1.00
61601-1123,61601-1112,auto,exact,,,ingredient overlap 1.00
61601-1193,61601-1112,auto,name,0.980,0.980,ingredient overlap 1.00
61601-1194,61601-1112,auto,name,0.980,0.980,ingredient overlap 1.00
61601-1195,61601-1112,auto,name,0.980,0.980,ingredient overlap 1.00
61601-1196,61601-1112,auto,name,0.980,0.980,ingredient overlap 1.00
61601-1125,61601-1124,auto,exact,,,ingredient overlap 1.00
61601-1126,61601-1124,auto,exact,,,ingredient overlap 1.00
61601-1127,61601-1124,auto,exact,,,ingredient overlap 1.00
61601-1128,61601-1124,auto,exact,,,ingredient overlap 1.00
61601-1129,61601-1124,auto,exact,,,ingredient overlap 1.00
61601-1130,61601-1124,auto,exact,,,ingredient overlap 1.00
61601-1131,61601-1124,auto,exact,,,ingredient overlap 1.00
61601-1132,61601-1124,auto,exact,,,ingredient overlap 1.00
61601-1133,61601-1124,auto,exact,,,ingredient overlap 1.00
61601-1134,61601-1124,auto,exact,,,ingredient overlap 1.00
61601-1135,61601-1124,auto,exact,,,ingredient overlap 1.00
61601-1136,61601-1124,auto,exact,,,ingredient overlap 1.00
61601-1137,61601-1124,auto,exact,,,ingredient overlap 1.00
61601-1138,61601-1124,auto,exact,,,ingredient overlap 1.00
61601-1175,61601-1124,auto,exact,,,ingredient overlap 1.00
61601-1176,61601-1124,auto,exact,,,ingredient overlap 1.00
61601-1177,61601-1124,auto,exact,,,ingredient overlap 1.00
61601-1181,61601-1124,auto,exact,,,ingredient overlap 1.00
61601-1182,61601-1124,auto,exact,,,ingredient overlap 1.00
61601-1183,61601-1124,auto,exact,,,ingredient overlap 1.00
61601-1140,61601-1139,auto,exact,,,ingredient overlap 1.00
61601-1141,61601-1139,auto,exact,,,ingredient overlap 1.00
61601-1142,61601-1139,auto,exact,,,ingredient overlap 1.00
61601-1143,61601-1139,auto,exact,,,ingredient overlap 1.00
61601-1144,61601-1139,auto,exact,,,ingredient overlap 1.00
61601-1234,61601-1233,auto,exact,,,ingredient overlap 1.00
61601-1235,61601-1233,auto,exact,,,ingredient overlap 1.00
61601-1236,61601-1233,auto,exact,,,ingredient overlap 1.00
61601-1237,61601-1233,auto,exact,,,ingredient overlap 1.00
61601-1238,61601-1233,auto,exact,,,ingredient overlap 1.00
61601-1239,61601-1233,auto,exact,,,ingredient overlap 1.00
61601-1240,61601-1233,auto,exact,,,ingredient overlap 1.00
61601-1241,61601-1233,auto,exact,,,ingredient overlap 1.00
61601-1242,61601-1233,auto,exact,,,ingredient overlap 1.00
61601-1243,61601-1233,auto,exact,,,ingredient overlap 1.00
61601-1244,61601-1233,auto,exact,,,ingredient overlap 1.00
61649-110,61649-120,auto,exact,,,ingredient overlap 0.87
61649-560,61649-540,auto,name,0.900,0.980,ingredient overlap 1.00
61649-561,61649-541,auto,name,0.940,0.980,ingredient overlap 1.00
61649-562,61649-542,auto,name,0.920,0.980,ingredient overlap 1.00
62032-523,62032-517,auto,exact,,,ingredient overlap 1.00
62032-524,62032-518,auto,exact,,,ingredient overlap 1.00
62032-520,62032-526,auto,name,0.940,0.960,ingredient overlap 0.82
62032-522,62032-528,auto,name,0.940,0.960,ingredient overlap 0.82
62032-911,62032-529,auto,name,0.950,0.920,ingredient overlap 1.00
62032-912,62032-531,auto,name,0.960,0.920,ingredient overlap 1.00
62032-913,62032-532,auto,name,0.950,0.910,ingredient overlap 1.00
62032-914,62032-533,auto,name,0.950,0.920,ingredient overlap 1.00
62032-904,62032-538,auto,name,0.950,0.930,ingredient overlap 1.00
62032-903,62032-539,auto,name,0.950,0.920,ingredient overlap 1.00
62032-907,62032-906,auto,exact,,,ingredient overlap 1.00
62032-536,62032-917,auto,name,0.960,0.920,ingredient overlap 1.00
62206-4719,62206-4714,auto,exact,,,ingredient overlap 1.00
62742-4048,62742-4047,auto,exact,,,ingredient overlap 1.00
62742-4167,62742-4070,auto,name,0.980,0.970,ingredient overlap 1.00
62742-4168,62742-4071,auto,name,0.970,0.970,ingredient overlap 1.00
62742-4085,62742-4083,auto,exact,,,ingredient overlap 1.00
62742-4274,62742-4269,auto,exact,,,ingredient overlap 1.00
63187-559,63187-501,auto,exact,,,ingredient overlap 1.00
63354-072,63354-071,auto,exact,,,ingredient overlap 1.00
63354-611,63354-199,auto,exact,,,ingredient overlap 1.00
63354-209,63354-208,auto,exact,,,ingredient overlap 1.00
63354-802,63354-302,auto,exact,,,ingredient overlap 0.81
63354-319,63354-317,auto,exact,,,ingredient overlap 0.86
63354-379,63354-341,auto,exact,,,ingredient overlap 0.90
63354-582,63354-355,auto,exact,,,ingredient overlap 0.91
63354-436,63354-364,auto,name,0.960,0.920,ingredient overlap 1.00
63354-391,63354-381,auto,exact,,,ingredient overlap 0.95
63354-388,63354-387,auto,exact,,,ingredient overlap 1.00
63354-454,63354-453,auto,exact,,,ingredient overlap 1.00
63354-804,63354-701,auto,exact,,,ingredient overlap 1.00
63354-324,63354-712,auto,exact,,,ingredient overlap 0.96
63354-039,63354-841,auto,name,0.940,0.950,ingredient overlap 1.00
63354-877,63354-876,auto,exact,,,ingredient overlap 1.00
63645-164,63645-163,auto,exact,,,ingredient overlap 1.00
83324-234,63868-181,auto,exact,,,ingredient overlap 1.00
83324-160,63868-198,auto,exact,,,ingredient overlap 1.00
83324-259,63868-601,auto,exact,,,ingredient overlap 1.00
83324-260,63868-601,auto,exact,,,ingredient overlap 1.00
83324-237,63868-798,auto,exact,,,ingredient overlap 1.00
63941-418,63941-318,auto,exact,,,ingredient overlap 1.00
63941-541,63941-540,auto,name,0.970,0.970,ingredient overlap 1.00
64068-500,64068-402,auto,name,0.950,0.950,ingredient overlap 1.00
64709-161,64709-160,auto,exact,,,ingredient overlap 1.00
64768-2922,64768-2292,auto,exact,,,ingredient overlap 1.00
64942-1297,64942-1246,auto,exact,,,ingredient overlap 0.91
64942-1809,64942-1334,auto,exact,,,ingredient overlap 1.00
64942-1680,64942-1679,auto,exact,,,ingredient overlap 1.00
64942-1681,64942-1679,auto,exact,,,ingredient overlap 1.00
64942-1682,64942-1679,auto,exact,,,ingredient overlap 1.00
64942-1683,64942-1679,auto,exact,,,ingredient overlap 1.00
64942-1684,64942-1679,auto,exact,,,ingredient overlap 1.00
64942-1685,64942-1679,auto,exact,,,ingredient overlap 1.00
64942-1686,64942-1679,auto,exact,,,ingredient overlap 1.00
64942-1687,64942-1679,auto,exact,,,ingredient overlap 1.00
64942-1688,64942-1679,auto,exact,,,ingredient overlap 1.00
64942-1689,64942-1679,auto,exact,,,ingredient overlap 1.00
64942-1704,64942-1679,auto,exact,,,ingredient overlap 1.00
64942-1705,64942-1679,auto,exact,,,ingredient overlap 1.00
64942-1706,64942-1679,auto,exact,,,ingredient overlap 1.00
64942-1709,64942-1679,auto,exact,,,ingredient overlap 1.00
64942-1710,64942-1679,auto,exact,,,ingredient overlap 1.00
64942-1717,64942-1679,auto,exact,,,ingredient overlap 1.00
64942-1718,64942-1679,auto,exact,,,ingredient overlap 1.00
64942-1719,64942-1679,auto,exact,,,ingredient overlap 1.00
64942-1732,64942-1679,auto,exact,,,ingredient overlap 1.00
64942-1751,64942-1679,auto,exact,,,ingredient overlap 1.00
64942-1752,64942-1679,auto,exact,,,ingredient overlap 1.00
64942-1753,64942-1679,auto,exact,,,ingredient overlap 1.00
64942-1818,64942-1679,auto,exact,,,ingredient overlap 1.00
64942-2097,64942-1679,auto,exact,,,ingredient overlap 1.00
64942-2159,64942-1679,auto,exact,,,ingredient overlap 1.00
64942-2160,64942-1679,auto,exact,,,ingredient overlap 1.00
64942-2162,64942-1679,auto,exact,,,ingredient overlap 1.00
64942-2163,64942-1679,auto,exact,,,ingredient overlap 1.00
64942-2164,64942-1679,auto,exact,,,ingredient overlap 1.00
64942-2165,64942-1679,auto,exact,,,ingredient overlap 1.00
64942-2166,64942-1679,auto,exact,,,ingredient overlap 1.00
64942-2167,64942-1679,auto,exact,,,ingredient overlap 1.00
64942-1697,64942-1691,auto,name,0.980,0.970,ingredient overlap 1.00
64942-1700,64942-1691,auto,name,0.970,0.970,ingredient overlap 1.00
64942-1702,64942-1691,auto,name,0.970,0.970,ingredient overlap 1.00
64942-1703,64942-1691,auto,name,0.970,0.980,ingredient overlap 1.00
64942-1720,64942-1691,auto,name,0.970,0.970,ingredient overlap 1.00
64942-1721,64942-1691,auto,name,0.970,0.970,ingredient overlap 1.00
64942-2273,64942-1691,auto,name,0.900,0.920,ingredient overlap 1.00
64942-1693,64942-1692,auto,name,0.970,0.970,ingredient overlap 1.00
64942-1694,64942-1692,auto,name,0.970,0.970,ingredient overlap 1.00
64942-1696,64942-1692,auto,name,0.970,0.970,ingredient overlap 1.00
64942-1698,64942-1692,auto,name,0.970,0.980,ingredient overlap 1.00
64942-1699,64942-1692,auto,name,0.970,0.980,ingredient overlap 1.00
64942-1722,64942-1692,auto,name,0.970,0.970,ingredient overlap 1.00
64942-1723,64942-1692,auto,name,0.970,0.970,ingredient overlap 1.00
64942-1724,64942-1692,auto,name,0.970,0.970,ingredient overlap 1.00
64942-1729,64942-1692,auto,name,0.970,0.970,ingredient overlap 1.00
64942-1730,64942-1692,auto,name,0.970,0.970,ingredient overlap 1.00
64942-1748,64942-1692,auto,name,0.970,0.970,ingredient overlap 1.00
64942-1749,64942-1692,auto,name,0.970,0.970,ingredient overlap 1.00
64942-1750,64942-1692,auto,name,0.970,0.970,ingredient overlap 1.00
64942-1913,64942-1692,auto,name,0.970,0.970,ingredient overlap 1.00
64942-2172,64942-1692,auto,name,0.910,0.900,ingredient overlap 1.00; via chain
64942-1708,64942-1707,auto,exact,,,ingredient overlap 1.00
64942-1712,64942-1707,auto,exact,,,ingredient overlap 1.00
64942-1811,64942-1707,auto,name,0.930,0.930,ingredient overlap 1.00; via chain
64942-1812,64942-1707,auto,name,0.980,0.980,ingredient overlap 1.00
64942-1813,64942-1707,auto,name,0.970,0.970,ingredient overlap 1.00
64942-1814,64942-1707,auto,name,0.980,0.980,ingredient overlap 1.00
64942-2168,64942-1707,auto,name,0.980,0.980,ingredient overlap 1.00
64942-2169,64942-1707,auto,name,0.940,0.930,ingredient overlap 1.00; via chain
64942-1930,64942-1713,auto,exact,,,ingredient overlap 1.00
64942-1932,64942-1713,auto,exact,,,ingredient overlap 1.00
64942-1933,64942-1713,auto,exact,,,ingredient overlap 1.00
64942-1934,64942-1713,auto,exact,,,ingredient overlap 1.00
64942-1935,64942-1713,auto,exact,,,ingredient overlap 1.00
64942-1936,64942-1713,auto,exact,,,ingredient overlap 1.00
64942-1937,64942-1713,auto,exact,,,ingredient overlap 1.00
64942-1938,64942-1713,auto,exact,,,ingredient overlap 1.00
64942-1939,64942-1713,auto,exact,,,ingredient overlap 1.00
64942-1940,64942-1713,auto,exact,,,ingredient overlap 1.00
64942-1941,64942-1713,auto,exact,,,ingredient overlap 1.00
64942-1942,64942-1713,auto,exact,,,ingredient overlap 1.00
64942-1943,64942-1713,auto,exact,,,ingredient overlap 1.00
64942-1944,64942-1713,auto,exact,,,ingredient overlap 1.00
64942-1945,64942-1713,auto,exact,,,ingredient overlap 1.00
64942-1946,64942-1713,auto,exact,,,ingredient overlap 1.00
64942-1947,64942-1713,auto,exact,,,ingredient overlap 1.00
64942-1948,64942-1713,auto,exact,,,ingredient overlap 1.00
64942-1949,64942-1713,auto,exact,,,ingredient overlap 1.00
64942-1950,64942-1713,auto,exact,,,ingredient overlap 1.00
64942-1951,64942-1713,auto,exact,,,ingredient overlap 1.00
64942-1952,64942-1713,auto,exact,,,ingredient overlap 1.00
64942-1954,64942-1713,auto,exact,,,ingredient overlap 1.00
64942-1955,64942-1713,auto,exact,,,ingredient overlap 1.00
64942-1974,64942-1713,auto,exact,,,ingredient overlap 0.93
64942-1765,64942-1764,auto,exact,,,ingredient overlap 1.00
64942-1766,64942-1764,auto,exact,,,ingredient overlap 1.00
64942-1767,64942-1764,auto,exact,,,ingredient overlap 1.00
64942-1768,64942-1764,auto,exact,,,ingredient overlap 1.00
64942-1769,64942-1764,auto,exact,,,ingredient overlap 1.00
64942-2321,64942-1778,auto,name,0.970,0.970,ingredient overlap 1.00
64942-1785,64942-1783,auto,name,0.970,0.970,ingredient overlap 1.00
64942-1787,64942-1786,auto,exact,,,ingredient overlap 1.00
64942-1788,64942-1786,auto,exact,,,ingredient overlap 1.00
64942-1790,64942-1789,auto,name,0.970,0.970,ingredient overlap 1.00
64942-1795,64942-1791,auto,exact,,,ingredient overlap 1.00
64942-1801,64942-1800,auto,exact,,,ingredient overlap 1.00
64942-1802,64942-1800,auto,exact,,,ingredient overlap 1.00
64942-2066,64942-1800,auto,exact,,,ingredient overlap 1.00
64942-2067,64942-1800,auto,exact,,,ingredient overlap 1.00
64942-2068,64942-1800,auto,exact,,,ingredient overlap 1.00
64942-2069,64942-1800,auto,exact,,,ingredient overlap 1.00
64942-2070,64942-1800,auto,exact,,,ingredient overlap 1.00
64942-2072,64942-1800,auto,exact,,,ingredient overlap 1.00
64942-2073,64942-1800,auto,exact,,,ingredient overlap 1.00
64942-2122,64942-1800,auto,exact,,,ingredient overlap 1.00
64942-2123,64942-1800,auto,exact,,,ingredient overlap 1.00
64942-2124,64942-1800,auto,exact,,,ingredient overlap 1.00
64942-2125,64942-1800,auto,exact,,,ingredient overlap 1.00
64942-2142,64942-1800,auto,exact,,,ingredient overlap 1.00
64942-1883,64942-1879,auto,exact,,,ingredient overlap 1.00
64942-1884,64942-1879,auto,exact,,,ingredient overlap 1.00
64942-2100,64942-1879,auto,exact,,,ingredient overlap 1.00
64942-2102,64942-1879,auto,exact,,,ingredient overlap 1.00
64942-1881,64942-1880,auto,exact,,,ingredient overlap 1.00
64942-1882,64942-1880,auto,exact,,,ingredient overlap 1.00
64942-1888,64942-1880,auto,exact,,,ingredient overlap 1.00
64942-1889,64942-1880,auto,exact,,,ingredient overlap 1.00
64942-1890,64942-1880,auto,exact,,,ingredient overlap 1.00
64942-1891,64942-1880,auto,exact,,,ingredient overlap 1.00
64942-1892,64942-1880,auto,exact,,,ingredient overlap 1.00
64942-1893,64942-1880,auto,exact,,,ingredient overlap 1.00
64942-1894,64942-1880,auto,exact,,,ingredient overlap 1.00
64942-1895,64942-1880,auto,exact,,,ingredient overlap 1.00
64942-1896,64942-1880,auto,exact,,,ingredient overlap 1.00
64942-1897,64942-1880,auto,exact,,,ingredient overlap 1.00
64942-1898,64942-1880,auto,exact,,,ingredient overlap 1.00
64942-1899,64942-1880,auto,exact,,,ingredient overlap 1.00
64942-1900,64942-1880,auto,exact,,,ingredient overlap 1.00
64942-1901,64942-1880,auto,exact,,,ingredient overlap 1.00
64942-1902,64942-1880,auto,exact,,,ingredient overlap 1.00
64942-1903,64942-1880,auto,exact,,,ingredient overlap 1.00
64942-1904,64942-1880,auto,exact,,,ingredient overlap 1.00
64942-1905,64942-1880,auto,exact,,,ingredient overlap 1.00
64942-1906,64942-1880,auto,exact,,,ingredient overlap 1.00
64942-1907,64942-1880,auto,exact,,,ingredient overlap 1.00
64942-1908,64942-1880,auto,exact,,,ingredient overlap 1.00
64942-1909,64942-1880,auto,exact,,,ingredient overlap 1.00
64942-1910,64942-1880,auto,exact,,,ingredient overlap 1.00
64942-1911,64942-1880,auto,exact,,,ingredient overlap 1.00
64942-1912,64942-1880,auto,exact,,,ingredient overlap 1.00
64942-2046,64942-1880,auto,exact,,,ingredient overlap 1.00
64942-2103,64942-1880,auto,exact,,,ingredient overlap 1.00
64942-2104,64942-1880,auto,exact,,,ingredient overlap 1.00
64942-2221,64942-1880,auto,exact,,,ingredient overlap 1.00
64942-2246,64942-1914,auto,barcode,0.890,0.900,ingredient overlap 1.00
64942-1920,64942-1917,auto,name,0.970,0.980,ingredient overlap 1.00
64942-1921,64942-1917,auto,name,0.970,0.970,ingredient overlap 1.00
64942-1956,64942-1953,auto,exact,,,ingredient overlap 1.00
64942-1957,64942-1953,auto,exact,,,ingredient overlap 1.00
64942-1958,64942-1953,auto,exact,,,ingredient overlap 1.00
64942-1959,64942-1953,auto,exact,,,ingredient overlap 1.00
64942-1960,64942-1953,auto,exact,,,ingredient overlap 1.00
64942-1961,64942-1953,auto,exact,,,ingredient overlap 1.00
64942-2071,64942-1962,auto,name,0.970,0.970,ingredient overlap 1.00
64942-1980,64942-1979,auto,name,0.970,0.970,ingredient overlap 1.00
64942-1981,64942-1979,auto,name,0.970,0.980,ingredient overlap 1.00
64942-2094,64942-1985,auto,name,0.970,0.980,ingredient overlap 1.00
64942-1998,64942-1997,auto,name,0.970,0.970,ingredient overlap 1.00
64942-1999,64942-1997,auto,name,0.970,0.970,ingredient overlap 1.00
64942-2001,64942-1997,auto,name,0.970,0.970,ingredient overlap 1.00
64942-2002,64942-1997,auto,name,0.970,0.970,ingredient overlap 1.00
64942-2117,64942-2054,auto,name,0.980,0.980,ingredient overlap 1.00
64942-2095,64942-2056,auto,exact,,,ingredient overlap 1.00
64942-2108,64942-2056,auto,exact,,,ingredient overlap 1.00
64942-1524,64942-2134,auto,exact,,,ingredient overlap 0.87
64942-1726,64942-2134,auto,exact,,,ingredient overlap 1.00; via chain
64942-1727,64942-2134,auto,exact,,,ingredient overlap 1.00; via chain
64942-1728,64942-2134,auto,exact,,,ingredient overlap 1.00; via chain
64942-1815,64942-2134,auto,name,0.980,0.980,ingredient overlap 1.00; via chain
64942-1816,64942-2134,auto,name,0.980,0.980,ingredient overlap 1.00; via chain
64942-1817,64942-2134,auto,name,0.980,0.980,ingredient overlap 1.00; via chain
64942-2155,64942-2153,auto,name,0.970,0.970,ingredient overlap 1.00
64942-2319,64942-2178,auto,name,0.980,0.980,ingredient overlap 1.00
64942-2259,64942-2196,auto,name,0.980,0.980,ingredient overlap 1.00
64942-2202,64942-2201,auto,name,0.980,0.970,ingredient overlap 1.00
64942-2203,64942-2201,auto,name,0.980,0.980,ingredient overlap 1.00
64942-2223,64942-2210,auto,name,0.980,0.980,ingredient overlap 1.00
64942-2257,64942-2210,auto,name,0.980,0.980,ingredient overlap 1.00
64942-2541,64942-2212,auto,barcode,0.740,0.550,ingredient overlap 0.89
64942-2219,64942-2216,auto,name,0.980,0.980,ingredient overlap 1.00
64942-2539,64942-2252,auto,name,0.970,0.920,ingredient overlap 1.00
64942-2545,64942-2253,auto,name,0.970,0.960,ingredient overlap 1.00
64942-2544,64942-2254,auto,name,0.970,0.960,ingredient overlap 1.00
64942-2348,64942-2260,auto,exact,,,ingredient overlap 1.00
64942-2398,64942-2260,auto,name,0.970,0.960,ingredient overlap 1.00
64942-2349,64942-2262,auto,name,0.970,0.970,ingredient overlap 1.00
64942-2396,64942-2262,auto,name,0.970,0.970,ingredient overlap 1.00
64942-2350,64942-2263,auto,name,0.970,0.970,ingredient overlap 1.00
64942-2351,64942-2264,auto,name,0.980,0.970,ingredient overlap 1.00
64942-2397,64942-2264,auto,name,0.970,0.970,ingredient overlap 1.00
64942-2277,64942-2276,auto,name,0.970,0.970,ingredient overlap 1.00
64942-2555,64942-2280,auto,name,0.970,0.950,ingredient overlap 1.00
64942-2474,64942-2282,auto,name,0.970,0.950,ingredient overlap 1.00
64942-2554,64942-2282,auto,name,0.970,0.950,ingredient overlap 1.00
64942-2475,64942-2286,auto,name,0.970,0.950,ingredient overlap 1.00
64942-2478,64942-2288,auto,name,0.970,0.950,ingredient overlap 1.00
64942-2292,64942-2291,auto,name,0.980,0.980,ingredient overlap 1.00
64942-2491,64942-2291,auto,name,0.970,0.950,ingredient overlap 1.00
64942-2546,64942-2297,auto,name,0.960,0.930,ingredient overlap 1.00
64942-2543,64942-2298,auto,name,0.970,0.940,ingredient overlap 1.00
64942-2316,64942-2300,auto,name,0.970,0.970,ingredient overlap 1.00
64942-2540,64942-2301,auto,name,0.960,0.960,ingredient overlap 1.00
64942-2377,64942-2366,auto,name,0.980,0.980,ingredient overlap 1.00
64942-2456,64942-2376,auto,name,0.960,0.970,ingredient overlap 1.00
64942-2462,64942-2408,auto,name,0.980,0.980,ingredient overlap 1.00
64942-2428,64942-2412,auto,exact,,,ingredient overlap 1.00
64942-2430,64942-2424,auto,name,0.970,0.960,ingredient overlap 1.00
64942-2460,64942-2424,auto,exact,,,ingredient overlap 1.00
64942-2459,64942-2432,auto,name,0.960,0.970,ingredient overlap 1.00
64942-2523,64942-2449,auto,barcode,0.910,0.890,ingredient overlap 1.00
64942-2479,64942-2472,auto,exact,,,ingredient overlap 1.00
64942-2542,64942-2480,auto,exact,,,ingredient overlap 1.00
64942-2529,64942-2481,auto,name,0.980,0.980,ingredient overlap 1.00
64942-2503,64942-2493,auto,name,0.980,0.980,ingredient overlap 1.00
64942-2530,64942-2512,auto,name,0.980,0.980,ingredient overlap 1.00
64942-2531,64942-2513,auto,name,0.980,0.980,ingredient overlap 1.00
64942-2552,64942-2513,auto,name,0.960,0.970,ingredient overlap 1.00
64942-2365,64942-2519,auto,exact,,,ingredient overlap 0.94
64942-2320,64942-2527,auto,barcode,0.980,0.980,ingredient overlap 1.00; via chain
64942-2338,64942-2527,auto,barcode,0.980,0.980,ingredient overlap 1.00; via chain
64942-2400,64942-2527,auto,exact,,,ingredient overlap 0.96
64942-2553,64942-2527,auto,name,0.960,0.970,ingredient overlap 1.00
65342-7003,65342-7001,auto,exact,,,ingredient overlap 1.00
65342-7005,65342-7001,auto,exact,,,ingredient overlap 1.00
65692-0567,65692-0566,auto,exact,,,ingredient overlap 1.00
65692-0590,65692-0577,auto,exact,,,ingredient overlap 1.00
65692-0747,65692-0738,auto,exact,,,ingredient overlap 1.00
65753-511,65753-510,auto,exact,,,ingredient overlap 1.00
66184-405,66184-400,auto,name,0.980,0.980,ingredient overlap 1.00
66184-410,66184-400,auto,name,0.980,0.980,ingredient overlap 1.00
66184-415,66184-400,auto,name,0.980,0.980,ingredient overlap 1.00
66184-420,66184-400,auto,name,0.980,0.980,ingredient overlap 1.00
66184-425,66184-400,auto,name,0.980,0.980,ingredient overlap 1.00
66184-430,66184-400,auto,name,0.980,0.980,ingredient overlap 1.00
66184-435,66184-400,auto,name,0.980,0.980,ingredient overlap 1.00
66800-7034,66800-4086,auto,exact,,,ingredient overlap 0.95
66800-7035,66800-4087,auto,exact,,,ingredient overlap 0.95
66800-5350,66800-4353,auto,name,0.950,0.970,ingredient overlap 1.00
66800-5353,66800-4353,auto,name,0.970,0.970,ingredient overlap 1.00
67091-412,67091-411,auto,exact,,,ingredient overlap 1.00
67225-5211,67225-5015,auto,exact,,,an ingredient list is missing on one side
67345-0702,67345-0509,auto,exact,,,ingredient overlap 1.00
67345-0782,67345-0511,auto,exact,,,ingredient overlap 1.00; via chain
67345-6084,67345-0511,auto,name,0.960,0.960,ingredient overlap 1.00
67345-0641,67345-0514,auto,exact,,,ingredient overlap 1.00
67345-0671,67345-0515,auto,exact,,,ingredient overlap 1.00
67345-0786,67345-0515,auto,name,0.960,0.960,ingredient overlap 1.00; via chain
67345-6085,67345-0515,auto,name,0.960,0.960,ingredient overlap 1.00
67345-0783,67345-0661,auto,name,0.960,0.960,ingredient overlap 1.00
67345-6086,67345-0661,auto,exact,,,ingredient overlap 1.00; via chain
67345-6082,67345-0780,auto,exact,,,ingredient overlap 1.00
67345-6083,67345-0781,auto,exact,,,ingredient overlap 1.00
67345-6087,67345-0784,auto,exact,,,ingredient overlap 1.00
67345-6088,67345-0785,auto,exact,,,ingredient overlap 1.00
67345-6080,67345-0787,auto,exact,,,ingredient overlap 1.00
67751-223,67751-222,auto,exact,,,ingredient overlap 1.00
67938-2081,67938-2079,auto,exact,,,ingredient overlap 1.00
68016-663,68016-653,auto,exact,,,ingredient overlap 1.00
68026-117,68026-116,auto,name,0.960,0.950,ingredient overlap 1.00
68026-824,68026-810,auto,name,0.950,0.960,ingredient overlap 1.00
68026-848,68026-810,auto,name,0.940,0.960,ingredient overlap 1.00
68026-842,68026-818,auto,exact,,,ingredient overlap 1.00
68026-844,68026-820,auto,exact,,,ingredient overlap 1.00
68026-846,68026-822,auto,exact,,,ingredient overlap 1.00
68026-862,68026-838,auto,exact,,,ingredient overlap 1.00
68071-4026,68071-3395,auto,exact,,,ingredient overlap 1.00; via chain
68071-4225,68071-3395,auto,name,0.980,0.970,ingredient overlap 1.00
68577-111,68577-110,auto,exact,,,ingredient overlap 1.00
68577-112,68577-110,auto,exact,,,ingredient overlap 1.00
68577-113,68577-110,auto,exact,,,ingredient overlap 1.00
68577-114,68577-110,auto,exact,,,ingredient overlap 1.00
68577-115,68577-110,auto,exact,,,ingredient overlap 1.00
68577-116,68577-110,auto,exact,,,ingredient overlap 1.00
68577-117,68577-110,auto,exact,,,ingredient overlap 1.00
68577-118,68577-110,auto,exact,,,ingredient overlap 1.00
68577-119,68577-110,auto,exact,,,ingredient overlap 1.00
68577-120,68577-110,auto,exact,,,ingredient overlap 1.00
68577-121,68577-110,auto,exact,,,ingredient overlap 1.00
68577-123,68577-122,auto,exact,,,ingredient overlap 1.00
68577-124,68577-122,auto,exact,,,ingredient overlap 1.00
68577-125,68577-122,auto,exact,,,ingredient overlap 1.00
68577-126,68577-122,auto,exact,,,ingredient overlap 1.00
68577-127,68577-122,auto,exact,,,ingredient overlap 1.00
68577-128,68577-122,auto,exact,,,ingredient overlap 1.00
68577-129,68577-122,auto,exact,,,ingredient overlap 1.00
68577-130,68577-122,auto,exact,,,ingredient overlap 1.00
68577-131,68577-122,auto,exact,,,ingredient overlap 1.00
68577-132,68577-122,auto,exact,,,ingredient overlap 1.00
68577-133,68577-122,auto,exact,,,ingredient overlap 1.00
68577-134,68577-122,auto,exact,,,ingredient overlap 1.00
68577-135,68577-122,auto,exact,,,ingredient overlap 1.00
68577-136,68577-122,auto,exact,,,ingredient overlap 1.00
68577-137,68577-122,auto,exact,,,ingredient overlap 1.00
68577-138,68577-122,auto,exact,,,ingredient overlap 1.00
68577-139,68577-122,auto,exact,,,ingredient overlap 1.00
68577-140,68577-122,auto,exact,,,ingredient overlap 1.00
68577-141,68577-122,auto,exact,,,ingredient overlap 1.00
68577-142,68577-122,auto,exact,,,ingredient overlap 1.00
68577-143,68577-122,auto,exact,,,ingredient overlap 1.00
68577-144,68577-122,auto,exact,,,ingredient overlap 1.00
68577-145,68577-122,auto,exact,,,ingredient overlap 1.00
68577-146,68577-122,auto,exact,,,ingredient overlap 1.00
68577-147,68577-122,auto,exact,,,ingredient overlap 1.00
68577-148,68577-122,auto,exact,,,ingredient overlap 1.00
68577-149,68577-122,auto,exact,,,ingredient overlap 1.00
68577-173,68577-159,auto,exact,,,ingredient overlap 1.00
80670-003,68577-161,auto,barcode,0.810,0.880,ingredient overlap 1.00
68577-169,68577-168,auto,exact,,,ingredient overlap 1.00
68577-290,68577-288,auto,exact,,,ingredient overlap 1.00
68788-8661,68788-7917,auto,exact,,,ingredient overlap 1.00
68788-8216,68788-8330,auto,exact,,,ingredient overlap 0.88
68788-8491,68788-8330,auto,name,0.980,0.980,ingredient overlap 1.00
68788-9665,68788-8330,auto,name,0.980,0.970,ingredient overlap 1.00; via chain
68807-316,68807-302,auto,name,0.910,0.930,ingredient overlap 1.00
68807-317,68807-303,auto,name,0.920,0.950,ingredient overlap 1.00
68807-321,68807-307,auto,name,0.910,0.930,ingredient overlap 1.00
68807-322,68807-308,auto,name,0.920,0.920,ingredient overlap 1.00
68807-323,68807-309,auto,name,0.930,0.920,ingredient overlap 1.00
68828-147,68828-047,auto,name,0.980,0.980,ingredient overlap 1.00
69039-214,69039-213,auto,exact,,,ingredient overlap 1.00
69039-216,69039-215,auto,exact,,,ingredient overlap 1.00
69039-217,69039-215,auto,exact,,,ingredient overlap 1.00
69039-229,69039-215,auto,exact,,,ingredient overlap 1.00; via chain
69039-231,69039-215,auto,name,0.970,0.960,ingredient overlap 1.00
69039-253,69039-215,auto,name,0.980,0.980,ingredient overlap 1.00
69039-219,69039-218,auto,exact,,,ingredient overlap 1.00
69039-220,69039-218,auto,exact,,,ingredient overlap 1.00
69039-230,69039-218,auto,name,0.980,0.980,ingredient overlap 1.00
69039-232,69039-218,auto,name,0.960,0.960,ingredient overlap 1.00
69039-682,69039-233,auto,name,0.970,0.970,ingredient overlap 1.00
69039-821,69039-234,auto,name,0.960,0.960,ingredient overlap 1.00
69039-639,69039-254,auto,name,0.970,0.980,ingredient overlap 1.00
69039-612,69039-611,auto,exact,,,ingredient overlap 1.00
69039-613,69039-611,auto,exact,,,ingredient overlap 1.00
69039-725,69039-673,auto,exact,,,ingredient overlap 0.92
69039-732,69039-673,auto,exact,,,ingredient overlap 0.92
69039-792,69039-673,auto,exact,,,ingredient overlap 0.92
69039-834,69039-696,auto,name,0.970,0.920,ingredient overlap 1.00
69039-750,69039-720,auto,barcode,0.900,0.850,ingredient overlap 0.92; via chain
69039-793,69039-720,auto,name,0.970,0.960,ingredient overlap 1.00
69039-756,69039-724,auto,name,0.950,0.960,ingredient overlap 1.00
69039-788,69039-724,auto,name,0.950,0.970,ingredient overlap 1.00
69039-797,69039-728,auto,name,0.930,0.960,ingredient overlap 1.00
69039-786,69039-751,auto,exact,,,ingredient overlap 1.00
69291-6230,69291-6215,auto,exact,,,ingredient overlap 1.00
69366-214,69366-211,auto,exact,,,ingredient overlap 1.00
69366-215,69366-211,auto,exact,,,ingredient overlap 1.00
69366-216,69366-211,auto,exact,,,ingredient overlap 1.00
69366-217,69366-211,auto,exact,,,ingredient overlap 1.00
69366-218,69366-211,auto,exact,,,ingredient overlap 1.00
69366-224,69366-223,auto,name,0.990,0.990,ingredient overlap 1.00
69366-225,69366-223,auto,name,0.990,0.990,ingredient overlap 1.00
69396-017,69396-003,auto,name,0.960,0.960,ingredient overlap 1.00; via chain
69396-149,69396-003,auto,exact,,,ingredient overlap 1.00
69396-018,69396-009,auto,exact,,,ingredient overlap 1.00
69396-150,69396-025,auto,name,0.960,0.920,ingredient overlap 0.83
69396-050,69396-081,auto,exact,,,ingredient overlap 0.90
69396-147,69396-129,auto,name,0.960,0.950,ingredient overlap 0.83
69502-504,69502-004,auto,exact,,,ingredient overlap 1.00
69711-301,69711-300,auto,name,0.920,0.900,ingredient overlap 1.00
69711-902,69711-300,auto,name,0.930,0.910,ingredient overlap 1.00; via chain
69711-905,69711-310,auto,name,0.910,0.910,ingredient overlap 1.00
69968-0408,69968-0236,auto,exact,,,ingredient overlap 1.00
69968-0409,69968-0236,auto,exact,,,ingredient overlap 1.00
69968-0768,69968-0396,auto,exact,,,ingredient overlap 0.82
69968-0848,69968-0396,auto,exact,,,ingredient overlap 0.82
69968-0901,69968-0404,auto,exact,,,ingredient overlap 1.00
69968-0923,69968-0404,auto,exact,,,ingredient overlap 1.00
69968-0679,69968-0441,auto,exact,,,ingredient overlap 1.00
69968-0769,69968-0471,auto,barcode,0.810,0.960,ingredient overlap 1.00
69968-0675,69968-0516,auto,exact,,,ingredient overlap 1.00; via chain
69968-0770,69968-0516,auto,barcode,0.700,0.500,ingredient overlap 0.89
69968-0941,69968-0519,auto,exact,,,ingredient overlap 1.00
69968-0632,69968-0592,auto,exact,,,ingredient overlap 1.00
69968-0656,69968-0629,auto,exact,,,ingredient overlap 1.00
69968-0910,69968-0633,auto,barcode,0.580,0.570,ingredient overlap 0.79
69968-0716,69968-0657,auto,exact,,,ingredient overlap 1.00
69968-0841,69968-0661,auto,barcode,0.970,0.970,ingredient overlap 1.00
69968-0842,69968-0683,auto,barcode,0.970,0.980,ingredient overlap 1.00
69968-0926,69968-0686,auto,exact,,,ingredient overlap 0.78
69968-0789,69968-0713,auto,exact,,,ingredient overlap 1.00
69968-1016,69968-0804,auto,exact,,,ingredient overlap 1.00
69968-0931,69968-0891,auto,exact,,,ingredient overlap 1.00
69968-0953,69968-0894,auto,barcode,0.980,0.980,ingredient overlap 1.00
69968-0934,69968-0896,auto,name,0.960,0.960,ingredient overlap 1.00
69968-0947,69968-0906,auto,barcode,0.970,0.950,ingredient overlap 1.00
69968-1004,69968-0945,auto,exact,,,ingredient overlap 1.00
70060-1510,70060-1507,auto,name,0.970,0.970,ingredient overlap 1.00
70170-0002,70170-0001,auto,exact,,,ingredient overlap 1.00
70170-0010,70170-0009,auto,exact,,,ingredient overlap 0.83
70281-206,70281-205,auto,exact,,,ingredient overlap 1.00
70281-209,70281-207,auto,exact,,,ingredient overlap 1.00
70281-210,70281-208,auto,exact,,,ingredient overlap 1.00
70281-216,70281-214,auto,exact,,,ingredient overlap 1.00
70281-221,70281-220,auto,exact,,,ingredient overlap 1.00
70381-105,70381-104,auto,exact,,,ingredient overlap 1.00
70381-120,70381-135,auto,exact,,,ingredient overlap 0.94
70392-011,70392-010,auto,exact,,,ingredient overlap 1.00
70392-012,70392-010,auto,exact,,,ingredient overlap 1.00
70392-014,70392-013,auto,exact,,,ingredient overlap 1.00
70392-015,70392-013,auto,exact,,,ingredient overlap 0.83
70677-1235,70677-0120,auto,exact,,,ingredient overlap 1.00
71160-013,71160-012,auto,exact,,,ingredient overlap 1.00
71160-014,71160-012,auto,exact,,,ingredient overlap 1.00
71328-060,71328-042,auto,name,0.900,0.960,ingredient overlap 1.00
71494-006,71494-001,auto,exact,,,ingredient overlap 1.00
71494-004,71494-003,auto,exact,,,ingredient overlap 1.00
71501-1910,71501-1904,auto,exact,,,ingredient overlap 1.00
71825-141,71825-121,auto,exact,,,ingredient overlap 1.00
71825-151,71825-121,auto,name,0.950,0.940,ingredient overlap 1.00; via chain
71825-161,71825-121,auto,exact,,,ingredient overlap 1.00
71825-211,71825-121,auto,exact,,,ingredient overlap 1.00
71825-481,71825-121,auto,name,0.940,0.950,ingredient overlap 1.00; via chain
71825-541,71825-121,auto,exact,,,ingredient overlap 1.00
71825-961,71825-121,auto,exact,,,ingredient overlap 1.00
71927-031,71927-015,auto,exact,,,ingredient overlap 1.00
72043-0606,72043-0495,auto,exact,,,ingredient overlap 1.00
72085-308,72085-307,auto,exact,,,ingredient overlap 1.00
72085-311,72085-309,auto,exact,,,ingredient overlap 1.00
72288-942,72288-843,auto,exact,,,ingredient overlap 1.00
72330-512,72330-511,auto,exact,,,ingredient overlap 1.00
76176-232,72520-201,auto,barcode,0.620,0.600,ingredient overlap 1.00
72520-203,72520-202,auto,exact,,,ingredient overlap 1.00
76176-233,72520-202,auto,barcode,0.760,0.760,ingredient overlap 1.00
76176-234,72520-202,auto,barcode,0.770,0.760,ingredient overlap 1.00; via chain
76176-235,72520-204,auto,barcode,0.620,0.660,ingredient overlap 1.00
72645-006,72645-004,auto,exact,,,ingredient overlap 1.00
72805-081,72805-080,auto,name,0.960,0.970,ingredient overlap 1.00
72932-011,72932-010,auto,exact,,,ingredient overlap 1.00
7313272148220,7313272148213,auto,exact,,,ingredient overlap 1.00
73252-160,73252-139,auto,exact,,,ingredient overlap 1.00
73418-021,73418-020,auto,exact,,,ingredient overlap 0.82
73418-115,73418-103,auto,name,0.970,0.960,ingredient overlap 1.00
73453-233,73453-073,auto,name,0.960,0.970,ingredient overlap 1.00
73581-216,73581-215,auto,name,0.970,0.970,ingredient overlap 1.00
74690-030,74690-020,auto,name,0.980,0.980,ingredient overlap 1.00
75592-302,75592-301,auto,exact,,,ingredient overlap 1.00
75712-954,75712-940,auto,exact,,,ingredient overlap 1.00
76053-002,76053-001,auto,exact,,,ingredient overlap 1.00
76053-003,76053-001,auto,exact,,,ingredient overlap 1.00
76053-004,76053-001,auto,exact,,,ingredient overlap 1.00
76119-1326,76119-1325,auto,exact,,,ingredient overlap 1.00
76119-1327,76119-1325,auto,exact,,,ingredient overlap 1.00
76119-1328,76119-1325,auto,exact,,,ingredient overlap 1.00
76119-1329,76119-1325,auto,exact,,,ingredient overlap 1.00
76119-1441,76119-1440,auto,exact,,,ingredient overlap 1.00
76119-1442,76119-1440,auto,exact,,,ingredient overlap 1.00
76119-1443,76119-1440,auto,exact,,,ingredient overlap 1.00
76119-1444,76119-1440,auto,exact,,,ingredient overlap 1.00
76119-1445,76119-1440,auto,exact,,,ingredient overlap 1.00
76119-1446,76119-1440,auto,exact,,,ingredient overlap 1.00
76119-1447,76119-1440,auto,exact,,,ingredient overlap 1.00
76119-5306,76119-5305,auto,exact,,,ingredient overlap 1.00
76119-5307,76119-5305,auto,exact,,,ingredient overlap 1.00
76119-5308,76119-5305,auto,exact,,,ingredient overlap 1.00
76119-5309,76119-5305,auto,exact,,,ingredient overlap 1.00
76162-943,76162-942,auto,name,0.970,0.980,ingredient overlap 1.00
0769915233179,769915233179,auto,name,0.980,0.980,ingredient overlap 1.00
78518-006,78518-003,auto,exact,,,ingredient overlap 1.00
78518-007,78518-003,auto,exact,,,ingredient overlap 1.00
79481-0625,79481-0591,auto,exact,,,ingredient overlap 1.00
79481-0623,79481-0607,auto,exact,,,ingredient overlap 1.00
79481-9400,79481-0954,auto,name,0.920,0.900,ingredient overlap 1.00
79481-9965,79481-6601,auto,exact,,,ingredient overlap 1.00
8700216652896,8006540810538,auto,name,0.970,0.970,ingredient overlap 1.00
80641-204,80641-203,auto,exact,,,ingredient overlap 1.00
80684-151,80684-145,auto,barcode,0.870,0.910,ingredient overlap 0.86
81100-104,81100-103,auto,exact,,,ingredient overlap 1.00
81100-509,81100-103,auto,exact,,,ingredient overlap 1.00
81100-510,81100-504,auto,exact,,,ingredient overlap 1.00
81100-508,81100-507,auto,exact,,,ingredient overlap 1.00
81104-963,81104-257,auto,exact,,,ingredient overlap 1.00
81104-800,81104-600,auto,exact,,,ingredient overlap 1.00
81393-0652,81341-0652,auto,exact,,,ingredient overlap 1.00
81486-004,81486-003,auto,exact,,,ingredient overlap 1.00
81493-203,81493-201,auto,exact,,,ingredient overlap 1.00
81535-203,81535-201,auto,name,0.960,0.950,ingredient overlap 0.86
81750-042,81750-041,auto,exact,,,ingredient overlap 1.00
82046-802,82046-243,auto,exact,,,ingredient overlap 1.00
82046-346,82046-345,auto,name,0.960,0.960,ingredient overlap 0.83
82153-271,82153-001,auto,name,0.950,0.970,ingredient overlap 1.00
82153-282,82153-001,auto,name,0.980,0.980,ingredient overlap 1.00
82185-0660,82185-0650,auto,exact,,,ingredient overlap 1.00
82280-618,82280-425,auto,name,0.930,0.900,ingredient overlap 1.00
82575-110,82575-100,auto,exact,,,ingredient overlap 1.00
58411-824,82761-001,auto,name,0.970,0.980,ingredient overlap 0.77
82912-322,82912-323,auto,exact,,,ingredient overlap 0.75
82931-012,82931-011,auto,exact,,,ingredient overlap 1.00
82953-002,82953-017,auto,exact,,,ingredient overlap 0.81
83004-025,83004-014,auto,name,0.910,0.930,ingredient overlap 1.00
83252-116,83252-104,auto,name,0.950,0.910,ingredient overlap 1.00
83252-108,83252-106,auto,name,0.910,0.910,ingredient overlap 1.00; via chain
83252-109,83252-106,auto,name,0.900,0.950,ingredient overlap 1.00; via chain
83252-130,83252-106,auto,name,0.900,0.940,ingredient overlap 1.00
83286-014,83286-008,auto,exact,,,ingredient overlap 0.90
63868-686,83324-052,auto,name,0.940,0.950,ingredient overlap 1.00
83566-624,83566-610,auto,exact,,,ingredient overlap 1.00
83628-203,83628-201,auto,exact,,,ingredient overlap 1.00
83789-573,83789-434,auto,name,0.970,0.970,ingredient overlap 1.00
84056-004,84056-001,auto,exact,,,ingredient overlap 1.00
84061-126,84061-125,auto,exact,,,ingredient overlap 1.00
84075-000,84075-001,auto,name,0.940,0.920,ingredient overlap 0.92
84126-216,84126-066,auto,barcode,0.760,0.860,ingredient overlap 1.00
69423-549,84126-112,auto,name,0.960,0.960,ingredient overlap 1.00
84204-0007,84204-0009,auto,exact,,,ingredient overlap 0.95
84204-0008,84204-0009,auto,exact,,,ingredient overlap 1.00; via chain
84204-0012,84204-0009,auto,exact,,,ingredient overlap 1.00; via chain
84204-0013,84204-0009,auto,exact,,,ingredient overlap 1.00; via chain
84234-002,84234-001,auto,barcode,0.940,0.930,ingredient overlap 1.00
84485-3606,84485-3605,auto,exact,,,ingredient overlap 1.00
84485-3607,84485-4030,auto,exact,,,ingredient overlap 1.00
84485-3748,84485-4030,auto,name,0.990,0.980,ingredient overlap 1.00
84509-108,84509-102,auto,name,0.910,0.970,ingredient overlap 1.00
84509-109,84509-102,auto,name,0.940,0.970,ingredient overlap 1.00
84562-871,84562-510,auto,exact,,,ingredient overlap 1.00
84603-170,84603-148,auto,barcode,0.820,0.790,ingredient overlap 0.75
85118-002,85118-000,auto,exact,,,ingredient overlap 1.00
85135-896,85135-877,auto,exact,,,ingredient overlap 1.00
87080-101,85161-132,auto,barcode,0.690,0.720,ingredient overlap 1.00
85179-023,85161-158,auto,barcode,0.830,0.830,ingredient overlap 1.00
85179-024,85161-159,auto,barcode,0.850,0.800,ingredient overlap 1.00
85179-025,85161-160,auto,barcode,0.850,0.800,ingredient overlap 1.00
85248-236,85248-047,auto,name,0.960,0.950,ingredient overlap 1.00
85287-111,85287-011,auto,exact,,,ingredient overlap 1.00
85287-119,85287-019,auto,exact,,,ingredient overlap 1.00
85287-041,85287-040,auto,exact,,,ingredient overlap 1.00
85287-140,85287-040,auto,exact,,,ingredient overlap 1.00
85301-203,85301-201,auto,exact,,,ingredient overlap 1.00
85302-203,85302-201,auto,name,0.980,0.970,ingredient overlap 1.00
85319-203,85319-201,auto,exact,,,ingredient overlap 1.00
85423-262,85423-094,auto,exact,,,ingredient overlap 1.00
85571-5600,85571-1600,auto,exact,,,an ingredient list is missing on one side
85636-011,85636-008,auto,exact,,,ingredient overlap 1.00
85751-003,85751-002,auto,exact,,,ingredient overlap 1.00
83651-203,85968-203,auto,name,0.900,0.960,ingredient overlap 0.86
8699956514185,8699956513676,auto,name,0.980,0.970,ingredient overlap 1.00
87041-002,87041-001,auto,exact,,,ingredient overlap 1.00
87041-008,87041-004,auto,name,0.950,0.950,ingredient overlap 0.92
87094-111,87094-112,auto,exact,,,ingredient overlap 0.89
87094-113,87094-112,auto,exact,,,ingredient overlap 0.93; via chain
87408-010,87408-003,auto,exact,,,ingredient overlap 1.00
87408-011,87408-003,auto,exact,,,ingredient overlap 1.00
87444-203,87444-201,auto,exact,,,ingredient overlap 1.00
87541-321,87541-031,auto,barcode,0.980,0.980,ingredient overlap 1.00
87541-632,87541-435,auto,exact,,,ingredient overlap 1.00
87604-002,87604-001,auto,exact,,,ingredient overlap 1.00
87641-3001,87641-3000,auto,exact,,,ingredient overlap 1.00
98132-665,98132-664,auto,exact,,,ingredient overlap 1.00
98132-666,98132-664,auto,exact,,,ingredient overlap 1.00
98132-667,98132-664,auto,exact,,,ingredient overlap 1.00
98132-668,98132-664,auto,exact,,,ingredient overlap 1.00
98132-669,98132-664,auto,exact,,,ingredient overlap 1.00
98132-670,98132-664,auto,exact,,,ingredient overlap 1.00
98132-671,98132-664,auto,exact,,,ingredient overlap 1.00
98132-882,98132-870,auto,exact,,,ingredient overlap 1.00
98132-877,98132-873,auto,exact,,,ingredient overlap 1.00
NATR-10057,NATR-10007,auto,name,0.900,0.900,ingredient overlap 1.00
NATR-10097,NATR-10020,auto,name,0.900,0.920,ingredient overlap 1.00
NATR-10082,NATR-10046,auto,name,0.920,0.900,ingredient overlap 1.00
NATR-40018,NATR-40008,auto,name,0.900,0.910,ingredient overlap 1.00
PMEKR14021,PMEKR14020,auto,name,0.960,0.920,ingredient overlap 1.00
8809784603016,S_8809657119446,auto,name,0.980,0.970,ingredient overlap 0.96
USSKA043,USSKA022,auto,name,0.940,0.930,ingredient overlap 1.00
USSKC028,USSKC009,auto,name,0.950,0.940,ingredient overlap 1.00
3606000637535,https://www.cerave.com/skincare/baby/baby-eczema-relief-cream,auto,exact,,,ingredient overlap 0.89
3606000512238,https://www.cerave.com/skincare/cleansers/acne-benzoyl-peroxide-cleanser,auto,exact,,,ingredient overlap 1.00
3337875743563,https://www.cerave.com/skincare/cleansers/hydrating-cream-to-foam-cleanser,auto,name,0.980,0.980,ingredient overlap 0.95
3606000537576,https://www.cerave.com/skincare/cleansers/hydrating-facial-cleanser,auto,exact,,,ingredient overlap 0.88
3606000560994,https://www.cerave.com/skincare/cleansers/renewing-sa-cleanser,auto,name,0.980,0.980,ingredient overlap 0.90
3337875829007,https://www.cerave.com/skincare/facial-serums/resurfacing-retinol-serum,auto,name,0.920,0.940,ingredient overlap 0.91
3337875597210,https://www.cerave.com/skincare/moisturizers/daily-moisturizing-lotion,auto,exact,,,ingredient overlap 1.00
3337875952866,https://www.cerave.com/skincare/moisturizers/facial-moisturizers/skin-renewing-eye-cream,auto,exact,,,ingredient overlap 0.75
3606000620988,https://www.cerave.com/skincare/moisturizers/intensive-moisturizing-lotion,auto,exact,,,ingredient overlap 1.00
3606000537712,https://www.cerave.com/skincare/moisturizers/sa-lotion-for-rough-and-bumpy-skin,auto,name,0.960,0.940,ingredient overlap 0.86
3606000537606,https://www.cerave.com/skincare/moisturizers/skin-renewing-night-cream,auto,name,0.980,0.980,ingredient overlap 1.00
0769915190731,rdn-natural-moisturizing-factors-ha-30ml,auto,exact,,,ingredient overlap 1.00
0769915193985,rdn-retinol-1pct-in-squalane-30ml,auto,name,0.960,0.950,ingredient overlap 1.00
