network,external_id,feed_title,feed_brand,price,currency,buy_url,image_url,match_score,matched_product_ndc,matched_brand_name,matched_active_ingredients
awin,AWIN1000,"CeraVe Acne Control Face Wash with Salicylic Acid, 5 fl oz",CeraVe,12.82,USD,https://www.awin1.com/cread.php?awinmid=1234&awinaffid=5678&clickref=&p=product%2F1000,https://example-cdn.invalid/awin/1000.jpg,0.436,49967-138,CeraVe Developed with Dermatologists Acne Control Cleanser,SALICYLIC ACID 20 mg/mL
awin,AWIN1001,"Differin Benzoyl Peroxide 10% Acne Treatment Gel, 2.5 oz",Differin,9.71,USD,https://www.awin1.com/cread.php?awinmid=1234&awinaffid=5678&clickref=&p=product%2F1001,https://example-cdn.invalid/awin/1001.jpg,0.514,0299-4611,Differin 10% BPO Acne Treatment,BENZOYL PEROXIDE 10 g/100g
awin,AWIN1002,"Neutrogena On-The-Spot Acne Treatment with Adapalene 0.1%, 0.5 oz",Neutrogena,18.71,USD,https://www.awin1.com/cread.php?awinmid=1234&awinaffid=5678&clickref=&p=product%2F1002,https://example-cdn.invalid/awin/1002.jpg,0.65,69968-0826,Neutrogena Adapalene 0.1% Acne Treatment,ADAPALENE 1 mg/g
awin,AWIN1003,"CeraVe Acne Foaming Cream Cleanser, 5 oz",CeraVe,8.29,USD,https://www.awin1.com/cread.php?awinmid=1234&awinaffid=5678&clickref=&p=product%2F1003,https://example-cdn.invalid/awin/1003.jpg,0.721,49967-238,CeraVe Acne Foaming Cleanser,BENZOYL PEROXIDE 40 mg/mL
awin,AWIN1004,"Neutrogena Body Clear Acne Body Wash, 8.5 fl oz",Neutrogena,16.64,USD,https://www.awin1.com/cread.php?awinmid=1234&awinaffid=5678&clickref=&p=product%2F1004,https://example-cdn.invalid/awin/1004.jpg,0.594,69968-0655,Neutrogena Body Clear Body Wash,SALICYLIC ACID 20 mg/mL
awin,AWIN1005,"Aveeno Clear Complexion Foaming Cleanser, 5 fl oz",Aveeno,13.57,USD,https://www.awin1.com/cread.php?awinmid=1234&awinaffid=5678&clickref=&p=product%2F1005,https://example-cdn.invalid/awin/1005.jpg,0.775,69968-0471,Aveeno CLEAR COMPLEXION foaming cleanser,SALICYLIC ACID 5 mg/mL
awin,AWIN1006,"Neutrogena Oil-Free Acne Face Scrub, 4.2 oz",Neutrogena,8.03,USD,https://www.awin1.com/cread.php?awinmid=1234&awinaffid=5678&clickref=&p=product%2F1006,https://example-cdn.invalid/awin/1006.jpg,0.605,69968-0075,Neutrogena Oil-Free Acne Wash Daily Scrub,SALICYLIC ACID 20 mg/mL
awin,AWIN1007,"CeraVe Acne Clay to Foam Face Cleanser, 5 oz",CeraVe,16.12,USD,https://www.awin1.com/cread.php?awinmid=1234&awinaffid=5678&clickref=&p=product%2F1007,https://example-cdn.invalid/awin/1007.jpg,0.817,49967-600,CeraVe Acne Clay-to-Foam Cleanser,SALICYLIC ACID 20 mg/mL
awin,AWIN1008,"Cetaphil Gentle Clear Acne Serum, 1.35 fl oz",Cetaphil,7.66,USD,https://www.awin1.com/cread.php?awinmid=1234&awinaffid=5678&clickref=&p=product%2F1008,https://example-cdn.invalid/awin/1008.jpg,0.605,0299-4135,Cetaphil Gentle Clear Triple-Action Acne Serum,SALICYLIC ACID 5 mg/mL
cj,CJ2000,CeraVe Acne Control Face Wash with Salicylic Acid (5 fl oz),CeraVe,14.80,USD,https://www.tkqlhce.com/click-1234567-2000,https://example-cdn.invalid/cj/2000.jpg,0.436,49967-138,CeraVe Developed with Dermatologists Acne Control Cleanser,SALICYLIC ACID 20 mg/mL
cj,CJ2001,Differin Benzoyl Peroxide 10% Acne Treatment Gel (2.5 oz),Differin,8.25,USD,https://www.tkqlhce.com/click-1234567-2001,https://example-cdn.invalid/cj/2001.jpg,0.514,0299-4611,Differin 10% BPO Acne Treatment,BENZOYL PEROXIDE 10 g/100g
cj,CJ2002,Neutrogena On-The-Spot Acne Treatment with Adapalene 0.1% (0.5 oz),Neutrogena,8.62,USD,https://www.tkqlhce.com/click-1234567-2002,https://example-cdn.invalid/cj/2002.jpg,0.65,69968-0826,Neutrogena Adapalene 0.1% Acne Treatment,ADAPALENE 1 mg/g
cj,CJ2003,CeraVe Acne Foaming Cream Cleanser (5 oz),CeraVe,14.63,USD,https://www.tkqlhce.com/click-1234567-2003,https://example-cdn.invalid/cj/2003.jpg,0.721,49967-238,CeraVe Acne Foaming Cleanser,BENZOYL PEROXIDE 40 mg/mL
cj,CJ2004,Neutrogena Body Clear Acne Body Wash (8.5 fl oz),Neutrogena,21.87,USD,https://www.tkqlhce.com/click-1234567-2004,https://example-cdn.invalid/cj/2004.jpg,0.594,69968-0655,Neutrogena Body Clear Body Wash,SALICYLIC ACID 20 mg/mL
cj,CJ2005,Aveeno Clear Complexion Foaming Cleanser (5 fl oz),Aveeno,9.22,USD,https://www.tkqlhce.com/click-1234567-2005,https://example-cdn.invalid/cj/2005.jpg,0.775,69968-0471,Aveeno CLEAR COMPLEXION foaming cleanser,SALICYLIC ACID 5 mg/mL
cj,CJ2006,Neutrogena Oil-Free Acne Face Scrub (4.2 oz),Neutrogena,11.01,USD,https://www.tkqlhce.com/click-1234567-2006,https://example-cdn.invalid/cj/2006.jpg,0.605,69968-0075,Neutrogena Oil-Free Acne Wash Daily Scrub,SALICYLIC ACID 20 mg/mL
cj,CJ2007,CeraVe Acne Clay to Foam Face Cleanser (5 oz),CeraVe,18.28,USD,https://www.tkqlhce.com/click-1234567-2007,https://example-cdn.invalid/cj/2007.jpg,0.817,49967-600,CeraVe Acne Clay-to-Foam Cleanser,SALICYLIC ACID 20 mg/mL
cj,CJ2008,Cetaphil Gentle Clear Acne Serum (1.35 fl oz),Cetaphil,24.05,USD,https://www.tkqlhce.com/click-1234567-2008,https://example-cdn.invalid/cj/2008.jpg,0.605,0299-4135,Cetaphil Gentle Clear Triple-Action Acne Serum,SALICYLIC ACID 5 mg/mL
impact,IMPACT3000,CeraVe Acne Control Face Wash with Salicylic Acid - 5 fl oz,CeraVe,17.38,USD,https://www.target.com/p/-/A-3000,https://example-cdn.invalid/impact/3000.jpg,0.436,49967-138,CeraVe Developed with Dermatologists Acne Control Cleanser,SALICYLIC ACID 20 mg/mL
impact,IMPACT3001,Differin Benzoyl Peroxide 10% Acne Treatment Gel - 2.5 oz,Differin,14.13,USD,https://www.target.com/p/-/A-3001,https://example-cdn.invalid/impact/3001.jpg,0.514,0299-4611,Differin 10% BPO Acne Treatment,BENZOYL PEROXIDE 10 g/100g
impact,IMPACT3002,Neutrogena On-The-Spot Acne Treatment with Adapalene 0.1% - 0.5 oz,Neutrogena,24.56,USD,https://www.target.com/p/-/A-3002,https://example-cdn.invalid/impact/3002.jpg,0.65,69968-0826,Neutrogena Adapalene 0.1% Acne Treatment,ADAPALENE 1 mg/g
impact,IMPACT3003,CeraVe Acne Foaming Cream Cleanser - 5 oz,CeraVe,7.83,USD,https://www.target.com/p/-/A-3003,https://example-cdn.invalid/impact/3003.jpg,0.721,49967-238,CeraVe Acne Foaming Cleanser,BENZOYL PEROXIDE 40 mg/mL
impact,IMPACT3004,Neutrogena Body Clear Acne Body Wash - 8.5 fl oz,Neutrogena,22.44,USD,https://www.target.com/p/-/A-3004,https://example-cdn.invalid/impact/3004.jpg,0.594,69968-0655,Neutrogena Body Clear Body Wash,SALICYLIC ACID 20 mg/mL
impact,IMPACT3005,Aveeno Clear Complexion Foaming Cleanser - 5 fl oz,Aveeno,12.20,USD,https://www.target.com/p/-/A-3005,https://example-cdn.invalid/impact/3005.jpg,0.775,69968-0471,Aveeno CLEAR COMPLEXION foaming cleanser,SALICYLIC ACID 5 mg/mL
impact,IMPACT3006,Neutrogena Oil-Free Acne Face Scrub - 4.2 oz,Neutrogena,9.59,USD,https://www.target.com/p/-/A-3006,https://example-cdn.invalid/impact/3006.jpg,0.605,69968-0075,Neutrogena Oil-Free Acne Wash Daily Scrub,SALICYLIC ACID 20 mg/mL
impact,IMPACT3007,CeraVe Acne Clay to Foam Face Cleanser - 5 oz,CeraVe,9.11,USD,https://www.target.com/p/-/A-3007,https://example-cdn.invalid/impact/3007.jpg,0.817,49967-600,CeraVe Acne Clay-to-Foam Cleanser,SALICYLIC ACID 20 mg/mL
impact,IMPACT3008,Cetaphil Gentle Clear Acne Serum - 1.35 fl oz,Cetaphil,12.54,USD,https://www.target.com/p/-/A-3008,https://example-cdn.invalid/impact/3008.jpg,0.605,0299-4135,Cetaphil Gentle Clear Triple-Action Acne Serum,SALICYLIC ACID 5 mg/mL
