product_id,kind,niche,brand_name,manufacturer_name,spl_set_id,active_ids,ingredients,source_url,image_source_url,retrieved_at,note
0019100109995,cosmetic,skin-protectant,Ultra Healing Extra Dry Skin Moisturizer,Jergens,,,"Water, Glycerin, Cetearyl Alcohol, Petrolatum, Stearic Acid, C12-15 Alkyl Benzoate, Aluminum Starch Octenylsuccinate, Dimethicone, Laureth-3, Caprylic/Capric Triglyceride, Hydroxyacetophenone, Ceteareth-20, Allantoin, Arginine, Sodium Hydroxide, Carbomer, Tetrasodium Glutamate Diacetate, Argania Spinosa Kernel Oil, Panthenol, Lecithin, Pentylene Glycol, Alcohol, Ascorbyl Palmitate, Tocopherol, Phenoxyethanol",https://us.jergens.com/products/jergens-ultra-healing-moisturizer,https://cdn.shopify.com/s/files/1/0639/9292/2365/files/140656_JER_2026_Website_UH_FOP_21oz_2670ad91-792c-42ee-b6ec-69b9009ee8f0.png?v=1791196599,2026-10-09,"Id is the 21 oz bottle's UPC (019100109995) from the page's Product JSON-LD; INCI from the page's ""ingredients"" metafield."
paulas-choice-2010,cosmetic,brightening-texture,Skin Perfecting 2% BHA Liquid Exfoliant,Paula's Choice,,salicylic-acid,"Water, Methylpropanediol, Butylene Glycol, Salicylic Acid, Polysorbate 20, Camellia Oleifera, Sodium Hydroxide, Tetrasodium EDTA",https://www.paulaschoice.com/skin-perfecting-2pct-bha-liquid-exfoliant/201.html,https://www.paulaschoice.com/dw/image/v2/BBNX_PRD/on/demandware.static/-/Sites-pc-catalog/default/dw954917ff/images/products/2-percent-bha-liquid-exfoliant-2010-L.png?sw=1000&sfrm=png,2026-10-09,"Id is Paula's Choice's own SKU (2010), prefixed because a bare 4-digit SKU could collide with another brand's. The ""All Ingredients"" list is rendered client-side, so it was read from the rendered page. salicylic-acid is set by hand: it is the product's only exfoliating active, but the cosmetic matchers don't track salicylic acid (it is an FDA acne active); this is a cosmetic, so it stays under Brightening & Texture."
0864475000404,cosmetic,acne,Mighty Patch Original,Hero Cosmetics,,,Hydrocolloid,https://www.herocosmetics.us/products/mighty-patch-original,https://www.herocosmetics.us/cdn/shop/products/MPOriginal36ct_1400x1400_51e92e23-aca6-404e-93e2-6146d71f01b2.jpg?v=1638983010,2026-10-09,"Id is the 36-count box's UPC (864475000404). A hydrocolloid patch with no drug or tracked cosmetic active; Hero publishes only ""Hydrocolloid"" as its ingredient, so it lists with no actives and no free-from or allergen flags (too short a list to compute them from)."
0052800353114,cosmetic,skin-protectant,Daily Moisture Lotion,Lubriderm,,,"Water, Mineral Oil, Glycerin, Carbomer, Potassium Cetyl Phosphate, Phenoxyethanol, Cetyl Alcohol, Sodium Polyacrylate, Caprylyl Glycol, Hydrogenated Palm Glycerides, Sodium Hydroxide, Butyrospermum Parkii (Shea) Butter, Fragrance, Disodium EDTA, Avena Sativa (Oat) Kernel Oil, Magnesium Aspartate, Zinc Gluconate, Copper Gluconate",https://www.lubriderm.com/products/daily-moisture-lotion,https://images.ctfassets.net/o692v8iyhg3z/6UkGr013DlNffmtNx9OszQ/387bf275e9f5b9eba9974f7c4bd06b29/1-en-us-Lubriderm?fm=jpg&w=1000,2026-10-09,"Id is the page's GTIN (00052800353114) as a 13-digit EAN. None of its ingredients is a tracked active today, so it lists with none. The Fragrance-Free page shows this same list, Fragrance included, so it was not added."
0052800483477,cosmetic,skin-protectant,Advanced Therapy Moisturizing Cream Fragrance-Free,Lubriderm,,,"Water, Glycerin, Dicaprylyl Ether, Stearic Acid, Cetyl Alcohol, Petrolatum, Caprylic/Capric Triglyceride, Dimethicone, Butyrospermum Parkii (Shea) Butter, Acrylates Copolymer, Phenoxyethanol, Caprylyl Glycol, Carbomer, Linum Usitatissimum (Linseed) Seed Oil, Sodium Polyacrylate, Sodium Hydroxide, Citric Acid, Panthenol, Tocopheryl Acetate, Disodium EDTA",https://www.lubriderm.com/products/advanced-therapy-fragrance-free-cream,https://images.ctfassets.net/o692v8iyhg3z/2tTyUDJRUiLrkGAQk3XZGA/1828239f8dc6fc2bf4aa0fd7ea976c85/1.webp?fm=jpg&w=1000,2026-10-09,"Replaces the Open Beauty Facts row with this id, whose product name was ""English"". The page's GTIN (52800483477) and ingredient list match that row, so it keeps the id."
75936-164,drug,sunscreen,Unseen Sunscreen Broad Spectrum SPF 40,"Supergoop, LLC",0670214e-520b-4126-8f28-71c765117276,,,,,2026-10-09,"Not in the openFDA NDC directory any more (Supergoop now sells Unseen as SPF 50, below), but people still search for and own the SPF 40. The SPL's title lists octinoxate; its Drug Facts and structured actives list octocrylene, which is what is used."
75936-641,drug,sunscreen,Unseen Sunscreen SPF 50,Supergoop LLC,21b3491f-7b02-9bc5-e063-6294a90a0dc3,,,,,2026-10-09,"The SPL's structured strengths are in mg per 100 mL (3 mg = 0.003%), a labeler error; strengths come from the Drug Facts percentages instead."
0316-0228,drug,acne,PanOxyl Acne Foaming Wash 10% Benzoyl Peroxide,Crown Laboratories,1660f219-e789-91f1-e063-6294a90a7664,,,,,2026-10-09,"The SPL is titled only ""PanOxyl""; the name is the display panel's."
0316-0227,drug,acne,PanOxyl Acne Creamy Wash 4% Benzoyl Peroxide,Crown Laboratories,7b301b94-3cc8-b05b-e053-2991aa0aa561,,,,,2026-10-09,"Missing for the same reason as the 10% wash; the name is the display panel's."
55505-196,drug,antidandruff,Nizoral Anti-Dandruff Shampoo,Kramer Laboratories,a17b7424-ee7e-4fcc-b6b3-0904932ae319,,,,,2026-10-09,"Ketoconazole 1%, an NDA OTC (Rx-to-OTC switch), so the monograph-purpose catalog queries never fetched it."
55505-232,drug,antidandruff,Nizoral Anti-Dandruff Shampoo Peppermint + Tea Tree,Kramer Laboratories,8dd6b2f1-f438-4be1-a6c4-4f6c8902dfb6,,,,,2026-10-09,Same as the classic shampoo; the name is the display panel's.
55505-233,drug,antidandruff,Nizoral Anti-Dandruff 2-in-1 Shampoo + Conditioner,Kramer Laboratories,f5c8c5b4-49bd-4dc7-8c29-8f1317c6ef88,,,,,2026-10-09,Same as the classic shampoo; the name is the display panel's.
0019045197101,third_party,skin-protectant,Itch Defense Calming Body Lotion,Curél,,,"Water, Glycerin, Petrolatum, Tapioca Starch, Cetearyl Alcohol, PEG/PPG-17/6 Copolymer, Dimethicone, Behentrimonium Chloride, Isopropyl Palmitate, PPG-15 Stearyl Ether, Propylene Glycol Isostearate, Panthenol, Isopropyl Alcohol, Hydroxyacetophenone, Benzalkonium Chloride, Olea Europaea (Olive) Fruit Oil, Cetyl-PG Hydroxyethyl Palmitamide, Bis-Methoxypropylamido Isodocosane, Sodium Lauroyl Lactylate, Tocopheryl Acetate, Butyrospermum Parkii (Shea) Butter, Ceramide NP, Ceramide AP, Phytosphingosine, Cholesterol, Xanthan Gum, Ethylhexylglycerin, Polyacrylic Acid, Ceramide EOP",https://skinsort.com/products/curel/itch-defense-body-lotion https://www.skincarisma.com/products/curel/itch-defense-body-lotion https://dermfnd.org/p/curel-itch-defense-calming-body-lotion/,https://cdn.shopify.com/s/files/1/0639/9292/2365/files/113414_019045197101_CUR_2024_Econtent_ID_6oz_FINAL_FOP.png?v=1758216697,2026-10-09,"Kao's US page (us.curel.com/products/itch-defense-lotion) publishes no ingredient list. Skinsort, SkinCarisma (data updated Jun 2026) and the Derm Foundation (verified May 2026) agree on this paraben-free 2024 formula, and its 29 ingredients match the alphabetical list Kao gave the National Eczema Association for the Seal of Acceptance (nationaleczema.org/eczema-products/curel-itch-defense-soothing-lotion/); retailer pages (HEB, Stop & Shop) still show two older formulas with parabens. Id is the 6 oz UPC from Kao's own front-of-pack image filename (check digit valid). Photo is Kao's 6 oz front of pack."
8809640730696,cosmetic,skin-protectant,Heartleaf 70% Intense Calming Cream,Anua,,,"Houttuynia cordata flower/leaf/stem water, Cetearyl Alcohol, Glycerin, 1,2-Hexanediol, Caprylic/Capric Triglyceride, Hydrogenated Poly (C6-14 Olefin), Hydrogenated Polydecene, Dicaprylyl Ether, Vinyl Dimethicone, Cetearyl Olivate, Vegetable Oil, Glyceryl Stearate SE, Panthenol, Hydrogenated Lecithin, Dipropylene Glycol, Behenyl Alcohol, Sorbitan Olivate, Ammonium Acryloyldimethyltaurate/VP Copolymer, Cetearyl Glucoside, Ethylhexylglycerin, Cholesterol, Xanthan Gum, Adenosine, Ceramide NP, Tocopherol",https://anua.com/products/heartleaf-70-intense-calming-cream-50ml,https://anua.com/cdn/shop/files/anua-us-moisturizer-heartleaf-70-intense-calming-cream-1261541666_2000x.jpg?v=1791442750,2026-10-10,"Searched for on the site (""anua moisturizer"" found 3 results). List and photo from Anua's US product page (Shopify ingredients metafield). Id is the GTIN-13 in the page's own product data."
8809640732799,cosmetic,skin-protectant,Heartleaf 70% Daily Lotion,Anua,,,"Houttuynia Cordata Extract (70%), Glycerin, 1,2-Hexanediol, MethylTrimethicone, Ethylhexyl Stearate, Butylene Glycol, Hydrogenated Poly(C6-14 Olefin), Polyglyceryl-3 Distearate, Fraxinus Rhynchophylla Extract, Ocimum Basilicum (Basil) Flower/Leaf/Stem Extract, Ulmus Davidiana Root Extract, Amaranthus Caudatus Seed Extract, Hydrogenated Lecithin, Sodium Hyaluronate, Glyceryl Glucoside, Water, Glyceryl Stearate, Trehalose, Arginine, Carbomer, Glyceryl Stearate Citrate, Sodium Stearoyl Glutamate, Glucose, Disodium Edta, Betaine, Hydrolyzed Hyaluronic Acid, Sodium Acetylated Hyaluronate, Ethylhexylglycerin",https://anua.com/products/heartleaf-70-daily-lotion-copy-1,https://anua.com/cdn/shop/files/anua-us-moisturizer-heartleaf-70-daily-lotion-1239193746_2000x.jpg?v=1779177548,2026-10-10,"Searched for on the site (""anua moisturizer"" found 3 results). List and photo from Anua's US product page (Shopify ingredients metafield). Id is the GTIN-13 in the page's own product data."
8809640731433,cosmetic,skin-protectant,Heartleaf 77% Soothing Toner,Anua,,,"Houttuynia Cordata Flower/Leaf/Stem Water, Water, 1,2-Hexanediol, Glycerin, Betaine, Butylene Glycol, Isopentyldiol, Panthenol, Acrylates/C10-30 Alkyl Acrylate Crosspolymer, Disodium EDTA, Tromethamine, Centella Asiatica Extract, Arctium Lappa Root Extract, Phellinus Linteus Extract, Portulaca Oleracea Extract, Chamomilla Recutita (Matricaria) Flower Extract, Vitex Agnus-Castus Extract, Sodium Hyaluronate, Hydroxypropyltrimonium Hyaluronate, Hydrolyzed Hyaluronic Acid, Sodium Acetylated Hyaluronate, Hyaluronic Acid, Sodium Hyaluronate Crosspolymer, Potassium Hyaluronate",https://anua.com/products/heartleaf-77-soothing-toner,https://anua.com/cdn/shop/files/anua-us-toner-heartleaf-77-soothing-toner-1239193744_2000x.jpg?v=1779181932,2026-10-10,"Searched for on the site (""anua moisturizer"" found 3 results). List and photo from Anua's US product page (Shopify ingredients metafield). Id is the GTIN-13 in the page's own product data."
8809640732829,cosmetic,brightening-texture,Heartleaf Pore Control Cleansing Oil,Anua,,,"Ethylhexyl Palmitate, Sorbeth-30 Tetraoleate, Sorbitan Sesquioleate, Caprylic/Capric Triglyceride, Butyl Avocadate, Fragrance, Helianthus Annuus (Sunflower) Seed Oil, Macadamia Ternifolia Seed Oil, Olea Europaea (Olive) Fruit Oil, Simmondsia Chinensis (Jojoba) Seed Oil, Vitis Vinifera (Grape) Seed Oil, Caprylyl Glycol, Ethylhexylglycerin, Curcuma Longa (Turmeric) Root Extract, Melia Azadirachta Flower Extract, Tocopherol, Melia Azadirachta Leaf Extract, Houttuynia Cordata Extract, Corallina Officinalis Extract, Melia Azadirachta Bark Extract, Moringa Oleifera Seed Oil, Ocimum Sanctum Leaf Extract",https://anua.com/products/heartleaf-pore-control-cleansing-oil-200ml,https://anua.com/cdn/shop/files/anua-us-cleanser-heartleaf-pore-control-cleansing-oil-1239193742_2000x.jpg?v=1779181871,2026-10-10,"Searched for on the site (""anua moisturizer"" found 3 results). List and photo from Anua's US product page (Shopify ingredients metafield). Id is the GTIN-13 in the page's own product data."
8809640733550,cosmetic,brightening-texture,Peach 70% Niacinamide Serum,Anua,,,"Prunus Persica (Peach) Fruit Extract, Glycerin, Niacinamide, Butylene Glycol, Diethoxyethyl Succinate, Water, 1,2-Hexanediol, Lactobacillus Ferment, Sodium Hyaluronate, Sphingomonas Ferment Extract, Alpha-Arbutin, Melia Azadirachta Flower Extract, Ocimum Sanctum Leaf Extract, Melia Azadirachta Leaf Extract, Carthamus Tinctorius (Safflower) Seed Oil, Salvia Hispanica Seed Oil, Curcuma Longa (Turmeric) Root Extract, Corallina Officinalis Extract, Hydrolyzed Hyaluronic Acid, Chamaecyparis Obtusa Leaf Extract, Prunus Persica (Peach) Flower Extract, Centella Asiatica Extract, Artemisia Princeps Leaf Extract, Pentylene Glycol, Polyglyceryl-10 Laurate, Betaine Salicylate, Sodium Phytate, Cellulose, Caprylic/Capric Triglyceride, Hydrogenated Lecithin, Panthenol, Polyglutamic Acid, Linoleic Acid, Linolenic Acid, Polyglyceryl-10 Oleate, Sucrose Palmitate, Cyanocobalamin, 3-O-Ethyl Ascorbic Acid, Ceramide NP, Lactobionic Acid, Asiaticoside, Madecassic Acid, Asiatic Acid, Xanthan Gum, Fragrance(Parfum)",https://anua.com/products/peach-70-niacinamide-serum-30ml,https://anua.com/cdn/shop/files/anua-global-ampoule-serum-peach-70-niacinamide-serum-1239193727_2000x.jpg?v=1779177611,2026-10-10,"Searched for on the site (""anua moisturizer"" found 3 results). List and photo from Anua's US product page (Shopify ingredients metafield). Id is the GTIN-13 in the page's own product data."
8809640737190,cosmetic,skin-protectant,Azelaic Acid 10 Hyaluron Redness Soothing Serum,Anua,,,"Water, Azelaic Acid, Propylene Glycol, Sodium Hydroxide, Dipropylene Glycol, 1,2-Hexanediol, Panthenol, Hydroxyethylcellulose, Betaine Salicylate, Glycerin, Biosaccharide Gum-1, Ethylhexylglycerin, Allantoin, Dipotassium Glycyrrhizate, Melia Azadirachta Leaf Extract, Camellia Sinensis Leaf Water, Sodium Hyaluronate, Melia Azadirachta Flower Extract, Niacinamide, Aloe Barbadensis Leaf Juice, Beta-Glucan, Centella Asiatica Extract, Centella Asiatica Leaf Extract, Centella Asiatica Root Extract, Madecassoside, Asiaticoside, Asiatic Acid, Madecassic Acid, Squalane, Zinc PCA, Butylene Glycol, Pentylene Glycol, Caprylyl/Capryl Glucoside, Hydrogenated Lecithin, Ceramide NP",https://anua.com/products/azelaic-acid-10-hyaluron-redness-soothing-serum,https://anua.com/cdn/shop/files/anua-us-ampoule-serum-azelaic-acid-10-hyaluron-redness-soothing-serum-1239193732_2000x.jpg?v=1779177969,2026-10-10,"Searched for on the site (""anua moisturizer"" found 3 results). List and photo from Anua's US product page (Shopify ingredients metafield). Id is the GTIN-13 in the page's own product data."
8809640737251,cosmetic,skin-protectant,3 Ceramide Panthenol Moisture Barrier Cream,Anua,,,"Water, Panthenol, Butylene Glycol, Propanediol, Caprylic/Capric Triglyceride, Glycerin, Cetyl Ethylhexanoate, Behenyl Alcohol, Octyldodecanol, Phenyl Trimethicone, Vinyl Dimethicone, 1,2-Hexanediol, Bis-Diglyceryl Polyacyladipate-2, Pentylene Glycol, Caprylyl Methicone, Centella Asiatica Extract, Polyglyceryl-3 Methylglucose Distearate, Betaine, C14-22 Alcohols, Ceramide NP, Phytosterols, Hydroxyethyl Acrylate/Sodium Acryloyldimethyl Taurate Copolymer, Hydrogenated Rice Bran Oil, C12-20 Alkyl Glucoside, Ammonium Acryloyldimethyltaurate/Vp Copolymer, Glyceryl Stearate, Dimethiconol, Glyceryl Caprylate, Sodium Stearoyl Glutamate, Hydrogenated Lecithin, Glyceryl Glucoside, Acrylates/C10-30 Alkyl Acrylate Crosspolymer, Tromethamine, Sodium Phytate, Polyglyceryl-10 Stearate, Ethylhexylglycerin, Sodium Hyaluronate, Ethylhexyl Olivate, Dipropylene Glycol, Sodium Acrylates Copolymer, Polyglyceryl-4 Oleate, Linolenic Acid, Polyglyceryl-10 Laurate, Sphingolipids, Phosphatidylcholine, 4-Terpineol, Allantoin, Ectoin, Hyaluronic Acid, Squalane, Lecithin, Asiaticoside, Escin, Madecassic Acid, Asiatic Acid, Beta-Sitosterol, Tremella Fuciformis (Mushroom) Extract, Ceramide AP, Ceramide Eop, Glycine, Glutamic Acid, Serine, Alanine, Lysine, Arginine, Proline, Threonine",https://anua.com/products/3-ceramide-panthenol-moisture-barrier-cream,https://anua.com/cdn/shop/files/anua-us-moisturizer-3-ceramide-panthenol-moisture-barrier-cream-1239193739_2000x.jpg?v=1779177070,2026-10-10,"Searched for on the site (""anua moisturizer"" found 3 results). List and photo from Anua's US product page (Shopify ingredients metafield). Id is the GTIN-13 in the page's own product data. Anua's page drops three commas (""Butylene Glycol Propanediol"", ""Hydrogenated Lecithin Glyceryl Glucoside"", ""Sodium Phytate Polyglyceryl-10 Stearate Ethylhexylglycerin""); they are restored here between standard INCI names, nothing else changed."
anua-AA001755,cosmetic,skin-protectant,Barrier Reboot Daily Moisturizer,Anua,,,"Water, Glycerin, Propanediol, Caprylic/Capric Triglyceride, Butylene Glycol, Cetyl Ethylhexanoate, Behenyl Alcohol, Octyldodecanol, Phenyl Trimethicone, Vinyl Dimethicone, Panthenol, Niacinamide, 1,2-Hexanediol, Bis-Diglyceryl Polyacyladipate-2, Pentylene Glycol, Caprylyl Methicone, Polyglyceryl-3 Methylglucose Distearate, C14-22 Alcohols, Phytosterols, Hydrogenated Rice Bran Oil, Hydroxyethyl Acrylate/Sodium Acryloyldimethyl Taurate Copolymer, Silica, Ceramide Np, C12-20 Alkyl Glucoside, Ammonium Acryloyldimethyltaurate/VP Copolymer, Glyceryl Stearate, Hydrogenated Lecithin, Dimethiconol, Glyceryl Caprylate, Sodium Stearoyl Glutamate, Glyceryl Glucoside, Acryrates/C10-30 Alkyl Acrylate Crosspolymer, Dipropylene Glycol, Sodium Phytate, Tromethamine, Coco-Glucoside, Polyglyceryl-10 Stearate, Cholesterol, Pectin, Calcium Pantothenate, Cynanchum Atratum Extract, Ethylhexylglycerin, Althaea Rosea Flower Extract, Phytosphingosine, Sphingolipids, Glycolips, Mevalonolactone",https://anua.com/products/barrier-reboot-daily-moisturizer,https://anua.com/cdn/shop/files/anua-us-moisturizer-barrier-reboot-daily-moisturizer-1251177201_2000x.jpg?v=1785149890,2026-10-10,"Searched for on the site (""anua moisturizer"" found 3 results). List and photo from Anua's US product page (Shopify ingredients metafield). The page gives no barcode, so the id is Anua's own SKU (AA001755), prefixed. Spellings ""Acryrates"" and ""Glycolips"" are Anua's own, kept as published."
0071249104590,cosmetic,brightening-texture,Revitalift Anti-Wrinkle + Firming Night Cream,L'Oréal Paris,,,"AQUA / WATER, GLYCERIN, DIMETHICONE, HYDROGENATED POLYISOBUTENE, CETYL ALCOHOL, GLYCERYL STEARATE, ALUMINUM STARCH OCTENYLSUCCINATE, PEG-40 STEARATE, PRUNUS ARMENIACA KERNEL OIL / APRICOT KERNEL OIL, SHOREA ROBUSTA BUTTER / SHOREA ROBUSTA SEED BUTTER, PARAFFINUM LIQUIDUM / MINERAL OIL, PARAFFIN, ZEA MAYS EXTRACT / CORN KERNEL EXTRACT, STEARIC ACID, STEARYL ALCOHOL, CERA MICROCRISTALLINA / MICROCRYSTALLINE WAX, SORBITAN TRISTEARATE, GLYCINE SOJA PROTEIN / SOYBEAN PROTEIN, TRIETHANOLAMINE, ISOHEXADECANE, MYRISTYL ALCOHOL, PALMITIC ACID, PHENETHYL ALCOHOL, HYDROLYZED SOY PROTEIN, CAPRYLYL GLYCOL, ACETYL TRIFLUOROMETHYLPHENYL VALYLGLYCINE, FAEX EXTRACT / YEAST EXTRACT, POLYSORBATE 80, ACRYLAMIDE/SODIUM ACRYLOYLDIMETHYLTAURATE COPOLYMER, RETINYL PALMITATE, POTASSIUM SORBATE, SODIUM BENZOATE, PHENOXYETHANOL, LINALOOL, GERANIOL, ALPHA-ISOMETHYL IONONE, AMYL CINNAMAL, LIMONENE, CITRAL, CITRONELLOL, BUTYLPHENYL METHYLPROPIONAL, HEXYL CINNAMAL, BENZYL ALCOHOL, BENZYL BENZOATE, BENZYL CINNAMATE, BENZYL SALICYLATE, PARFUM / FRAGRANCE",https://www.lorealparisusa.com/skin-care/facial-moisturizers/revitalift-anti-wrinkle-firming-night-cream,https://www.lorealparisusa.com/-/media/project/loreal/brand-sites/oap/americas/us/products/skin-care/night-creams/revitalift-anti-wrinkle-firming-night-cream/anti-wrinkle-firming-night-cream/071249104590_t1.png,2026-10-10,"Searched for on the site (""l'oréal night"" found 1 result; the catalog's L'Oréal rows are non-US Open Beauty Facts entries). List and photo from L'Oréal Paris USA's product page; id is the page's UPC (071249104590) as 13 digits."
0071249396339,cosmetic,brightening-texture,Revitalift Triple Power Anti-Aging Moisturizer Fragrance-Free,L'Oréal Paris,,,"AQUA / WATER / EAU, GLYCERIN, ISOHEXADECANE, ISOPROPYL ISOSTEARATE, NIACINAMIDE, ALUMINUM STARCH OCTENYLSUCCINATE, NYLON-12, DIMETHICONE, CETYL ALCOHOL, POLYETHYLENE, STEARYL ALCOHOL, CETEARYL ALCOHOL, STEARIC ACID, BEHENYL ALCOHOL, PHENOXYETHANOL, SYNTHETIC FLUORPHLOGOPITE, PALMITIC ACID, POLYACRYLAMIDE, CAPRYLOYL SALICYLIC ACID, SODIUM ACRYLATES COPOLYMER, CAPRYLIC/CAPRIC TRIGLYCERIDE, CI 77891 / TITANIUM DIOXIDE, PEG-100 STEARATE, CAFFEINE, ASCORBYL GLUCOSIDE, C13-14 ISOPARAFFIN, CETEARYL GLUCOSIDE, DIMETHICONOL, TOCOPHEROL, SODIUM HYALURONATE, RETINYL PALMITATE, DISODIUM EDTA, SODIUM HYDROXIDE, LAURETH-7, ADENOSINE, MYRISTIC ACID, PEG-30 DIPOLYHYDROXYSTEARATE, SORBITAN OLEATE, TIN OXIDE, CETEARETH-6",https://www.lorealparisusa.com/skin-care/facial-moisturizers/revitalift-triple-power-anti-aging-moisturizer-fragrance-free,https://www.lorealparisusa.com/-/media/project/loreal/brand-sites/oap/americas/us/products/skin-care/facial-moisturizers/revitalift-triple-power-anti-aging-moisturizer-fragrance-free/new-assets-2026/071249396339_t1-v2.png,2026-10-10,"Searched for on the site (""l'oréal night"" found 1 result; the catalog's L'Oréal rows are non-US Open Beauty Facts entries). List and photo from L'Oréal Paris USA's product page; id is the page's UPC (071249396339) as 13 digits. The page prints this list with no separators at all; it is split here at standard INCI name boundaries (each of the 40 names is a standard INCI name, and the joined names match the page's text exactly). FIL code dropped."
0071249419182,cosmetic,brightening-texture,Revitalift Derm Intensives 0.3% Pure Retinol Night Serum,L'Oréal Paris,,,"Water, Glycerin, Alcohol denat., Glycine soja oil / soybean oil, Isononyl isononanoate, Pentylene glycol, Dicaprylyl ether, Propylene glycol, Peg-6 caprylic/capric glycerides, Ppg-6-decyltetradeceth-30, Dicaprylyl carbonate, Glyceryl isostearate, Sodium hyaluronate, Retinol, Ammonium polyacryloyldimethyl taurate, Caprylyl glycol, Citric acid, Trisodium ethylenediamine disuccinate, Xanthan gum, Butylene glycol, Tocopherol, Pentaerythrityl tetra-di-t-butyl hydroxyhydrocinnamate, Phenoxyethanol",https://www.lorealparisusa.com/skin-care/face-serums/revitalift-derm-intensives-night-serum-03-pure-retinol,https://www.lorealparisusa.com/-/media/project/loreal/brand-sites/oap/americas/us/products/skin-care/face-serums/revitalift-derm-intensives-night-serum-03-pure-retinol/revitalift-derm-intensives-night-serum-03-pure-retinol/new-050824/071249419182-t1-new.png,2026-10-10,"Searched for on the site (""l'oréal night"" found 1 result; the catalog's L'Oréal rows are non-US Open Beauty Facts entries). List and photo from L'Oréal Paris USA's product page; id is the page's UPC (071249419182) as 13 digits. The page lists Retinol in its full list; FIL code dropped."
0071249377512,cosmetic,brightening-texture,Revitalift Derm Intensives 1.5% Pure Hyaluronic Acid Serum,L'Oréal Paris,,,"Water, Glycerin, Hydroxyethylpiperazine Ethane Sulfonic Acid, Sodium Hyaluronate, PEG-60 Hydrogenated Castor Oil, Secale Cereale Seed Extract/Rye Seed Extract, Calcium Pantothenate, Dipeptide Diaminobutyroyl Benzylamide Diacetate, Ascorbyl Glucoside, Disodium EDTA, Pentylene Glycol, Phenoxyethanol, Chlorphenesin",https://www.lorealparisusa.com/skin-care/face-serums/revitalift-derm-intensives-pure-hyaluronic-acid-serum,https://www.lorealparisusa.com/-/media/project/loreal/brand-sites/oap/americas/us/products/skin-care/facial-moisturizers/revitalift-derm-intensives-pure-hyaluronic-acid-serum/071249377512_t1.png,2026-10-10,"Searched for on the site (""l'oréal night"" found 1 result; the catalog's L'Oréal rows are non-US Open Beauty Facts entries). List and photo from L'Oréal Paris USA's product page; id is the page's UPC (071249377512) as 13 digits. The page splits ""Ascorbyl Glucoside"" with a stray comma, joined here; formula code 899297/21 dropped. Open Beauty Facts has the same UPC (0071249377512) with a list from the pack."
0071249668276,cosmetic,skin-protectant,Collagen Moisture Filler Day/Night Cream,L'Oréal Paris,,,"AQUA / WATER / EAU, GLYCERIN, BUTYROSPERMUM PARKII BUTTER / SHEA BUTTER, ISOHEXADECANE, DIMETHICONE, PENTAERYTHRITYL TETRAETHYLHEXANOATE, DIPROPYLENE GLYCOL, STEARIC ACID, PALMITIC ACID, ACRYLAMIDE/SODIUM ACRYLOYLDIMETHYLTAURATE COPOLYMER, STEARYL ALCOHOL, GLYCERYL STEARATE, PEG-100 STEARATE, CERA ALBA / BEESWAX / CIRE DABEILLE, PEG-20 STEARATE, PHENOXYETHANOL, CAPRYLYL GLYCOL, POLYSORBATE 80, POTASSIUM CETYL PHOSPHATE, BOSWELLIA SERRATA GUM, TRISODIUM ETHYLENEDIAMINE DISUCCINATE, GLYCINE SOJA OIL / SOYBEAN OIL, PARFUM / FRAGRANCE, TOCOPHEROL, MYRISTIC ACID, SORBITAN OLEATE, SOLUBLE COLLAGEN, BENZYL ALCOHOL, CITRONELLOL, BENZYL SALICYLATE, LIMONENE, LINALOOL, CITRIC ACID",https://www.lorealparisusa.com/skin-care/facial-moisturizers/collagen-filler-collagen-moisture-filler-day-night-cream,https://www.lorealparisusa.com/-/media/project/loreal/brand-sites/oap/americas/us/products/skin-care/facial-moisturizers/moisture-filler-facial-anti-aging-moisturizer/071249668276-t1.png,2026-10-10,"Searched for on the site (""l'oréal night"" found 1 result; the catalog's L'Oréal rows are non-US Open Beauty Facts entries). List and photo from L'Oréal Paris USA's product page; id is the page's UPC (071249668276) as 13 digits. A plain moisturizer with no tracked active, so niche set to skin-protectant like the other moisturizer rows."
isdin-2962,cosmetic,brightening-texture,ISDINCEUTICS Melatonik Overnight Recovery Serum,ISDIN,,,"Caprylic/Capric Triglyceride, Dicaprylyl Carbonate, Ascorbyl Tetraisopalmitate, Squalane, Alcohol Denat., 1,2-Hexanediol, Bakuchiol, Caprylyl Glycol, Fragrance, Melatonin, PEG-8, Water, Tocopherol, Ascorbyl Palmitate, Ascorbic Acid, Citric Acid",https://www.isdin.com/us/p/isdinceutics-melatonik/2962,https://dam.isdin.com/transform/45f18605-a2fa-4f65-bc5a-ba3185ee0136/US_2962_TH_ISDINCEUTICSMELATONIK30ML_MAIN_IMAGE_AWARD_0,2026-10-10,"Searched for on the site (""isdin"" found 8 results, all sunscreens). List and photo (30 ml) from ISDIN's US product page (completeIngredientList in its page data). The page gives no barcode, so the id is ISDIN's own product code (2962, also in its image names), prefixed."
isdin-3081,cosmetic,brightening-texture,ISDINCEUTICS Flavo-C Ultraglican Ampoules,ISDIN,,vitamin-c;hyaluronic-acid,"Propylene Glycol, Aqua (Water), Ascorbic Acid, Bis-Hydroxyethoxypropyl Dimethicone, Glycerin, PPG-26-Buteth-26, Tocopherol, PEG-40 Hydrogenated Castor Oil, Parfum (Fragrance), Sodium Benzoate, Hydrogenated Soybean Oil, Butylene Glycol, Potassium Sorbate, Hydrolyzed Hyaluronic Acid, Sodium Hydroxide, Tetradecyl Aminobutyroylvalylaminobutyric Urea Trifluoroacetate, Phenoxyethanol, Soluble Proteoglycan, Magnesium Chloride, Ergothioneine",https://www.isdin.com/us/p/isdinceutics-flavo-c-ultraglican-10-ampoules/3081,https://dam.isdin.com/transform/5520dc8e-0452-4740-a0a6-633c41ef4017/US_3081_TH_ISDINCEUTICSFLAVO-CULTRAGLAMP10U2ML_MAIN_IMAGE_0,2026-10-10,"Searched for on the site (""isdin"" found 8 results, all sunscreens). List and photo (10 ampoules (20 ml)) from ISDIN's US product page (completeIngredientList in its page data). The page gives no barcode, so the id is ISDIN's own product code (3081, also in its image names), prefixed. active_ids set by hand: the matcher reads ""Urea"" in Tetradecyl Aminobutyroylvalylaminobutyric Urea Trifluoroacetate (a peptide-like complex) as urea."
isdin-3805,cosmetic,brightening-texture,ISDINCEUTICS Hyaluronic Concentrate Serum,ISDIN,,,"Aqua (Water), Dimethicone, Propanediol, Glycerin, 1,2-Hexanediol, Sodium Acrylates Copolymer, Dimethicone Crosspolymer, Butylene Glycol, Pseudoalteromonas Ferment Extract, Glycereth-26, Lecithin, Maltodextrin, Sodium Benzoate, Pentylene Glycol, Lens Esculenta (Lentil) Seed Extract, Disodium EDTA, Hydrolyzed Hyaluronic Acid, Parfum (Fragrance), Sodium Hyaluronate, Xanthan Gum, Citric Acid, Biosaccharide Gum-1, Carbomer, Polysorbate 20, Sodium Lactate, Sodium Salicylate, Salicylic Acid, Palmitoyl Tripeptide-1, Palmitoyl Tetrapeptide-7",https://www.isdin.com/us/p/isdinceutics-hyaluronic-concentrate/3805,https://dam.isdin.com/transform/eb2bae50-fd24-43fa-ae82-17a1cee52610/US_3805_TH_ISDINCEUTICSHYALURONICCONCENTRATE30ML_MAIN_IMAGE_0,2026-10-10,"Searched for on the site (""isdin"" found 8 results, all sunscreens). List and photo (30 ml) from ISDIN's US product page (completeIngredientList in its page data). The page gives no barcode, so the id is ISDIN's own product code (3805, also in its image names), prefixed."
isdin-1510,cosmetic,brightening-texture,ISDINCEUTICS K-Ox Eyes,ISDIN,,,"Agua (Water), Glycerin, Isohexadecane, Isopropyl Myristate, PPG-15 Stearyl Ether, PEG-30 Dipolyhydroxystearate, Phytonadione Epoxide, Magnesium Sulfate, Phenoxyethanol, Cera Microcristallina (Microcrystalline Wax), Parfum (Fragrance), CI 77891 (Titanium Dioxide), Sodium Dextran Sulfate, Acrylates/C12-22 Alkyl Methacrylate Copolymer, Steareth-20, Hesperidin Methyl Chalcone, Disodium EDTA, Hydrolyzed Hyaluronic Acid, Ethylhexylglycerin, PEG-8, Pentylene Glycol, Tocopherol, Chlorhexidine Digluconate, N-Hydroxysuccinimide, Potassium Sorbate, BHT, Dipeptide-2, Ascorbyl Palmitate, Palmitoyl Tetrapeptide-7, Citric Acid, Ascorbic Acid, Chrysin, Palmitoyl Tripeptide-1, Sodium Citrate, Biotin",https://www.isdin.com/us/p/isdinceutics-k-ox-eyes/1510,https://dam.isdin.com/transform/ffe217f4-7ce9-4b08-a02e-ad20f547ac2b/US_1510_TH_ISDINCEUTICSK-OXEYES15G_MAIN_IMAGE_0,2026-10-10,"Searched for on the site (""isdin"" found 8 results, all sunscreens). List and photo (15 g) from ISDIN's US product page (completeIngredientList in its page data). The page gives no barcode, so the id is ISDIN's own product code (1510, also in its image names), prefixed."
isdin-4052,cosmetic,skin-protectant,ISDINCEUTICS Hyaluronic Moisture Normal to Dry Skin,ISDIN,,,"Water, C15-19 Alkane, Propanediol, Glycerin, Caprylic/Capric Triglyceride, Butylene Glycol, Cellulose, Sodium Acrylates Crosspolymer-2, Dimethicone, 1,2-Hexanediol, Panthenol, Acrylates/C10-30 Alkyl Acrylate Crosspolymer, Caprylyl Glycol, Ammonium Acryloyldimethyltaurate/VP Copolymer, Tocopheryl Acetate, Trehalose, Urea, Fragrance, Tocopherol, Vigna Aconitifolia Seed Extract, Dimethicone Crosspolymer, Citric Acid, Maltodextrin, Sodium Hyaluronate, Tetrasodium Glutamate Diacetate, Hydrolyzed Hyaluronic Acid, Pentaerythrityl Tetra-Di-T-Butyl Hydroxyhydrocinnamate, Pentylene Glycol, Serine, Camellia Japonica Flower Extract, Alteromonas Ferment Extract, Algin, Disodium Phosphate, Glyceryl Polyacrylate, Pullulan, Potassium Phosphate, Blue 1 (CI 42090), Red 33 (CI 17200)",https://www.isdin.com/us/p/hyaluronic-moisture-normal-to-dry/4052,https://dam.isdin.com/transform/e2031b8d-7d33-46df-8959-5ac194736356/US_4052_TH_ISDINCEUTICSHMNORMAL50G_MAIN_IMAGE_0,2026-10-10,"Searched for on the site (""isdin"" found 8 results, all sunscreens). List and photo (50 g) from ISDIN's US product page (completeIngredientList in its page data). The page gives no barcode, so the id is ISDIN's own product code (4052, also in its image names), prefixed."
